condition,dropped_seed,mean_late_minus_early,p_t,p_wilcoxon
CB-RNN (CB detached),1,0.33551832658575403,6.861331700715751e-08,0.015625
CB-RNN (CB detached),2,0.3376773446203976,5.44430205240772e-08,0.015625
CB-RNN (CB detached),3,0.33733173047804865,5.786297793665744e-08,0.015625
CB-RNN (CB detached),4,0.3386015811142683,4.3931630850484435e-08,0.015625
CB-RNN (CB detached),5,0.32692223271564164,3.7181791067083356e-10,0.015625
CB-RNN (CB detached),6,0.3367926968164906,6.24335611409426e-08,0.015625
CB-RNN (CB detached),7,0.33355385697670503,6.331525678503179e-08,0.015625
CB-RNN (CB detached),8,0.33648261707313143,6.457650207074843e-08,0.015625
CB contribution,1,-0.38647408625201674,2.8195479196525808e-08,0.015625
CB contribution,2,-0.3855933872161215,2.7332623747494476e-08,0.015625
CB contribution,3,-0.3932940494557267,3.010897547380079e-09,0.015625
CB contribution,4,-0.3873846947460487,2.746686066524359e-08,0.015625
CB contribution,5,-0.38017600565676923,3.6360619525996667e-09,0.015625
CB contribution,6,-0.3852756318790184,2.6651902089028402e-08,0.015625
CB contribution,7,-0.3892156428654679,2.16267403670066e-08,0.015625
CB contribution,8,-0.38652738011546456,2.8198078005718793e-08,0.015625
CB-RNN (full),1,-0.050955763568056325,0.0014194932299925955,0.015625
CB-RNN (full),2,-0.047916042234174894,0.0011365021876946714,0.015625
CB-RNN (full),3,-0.05596231603361136,0.0002947325094987726,0.015625
CB-RNN (full),4,-0.048783117352263136,0.0013360534532536217,0.015625
CB-RNN (full),5,-0.05325377614619158,0.0009802092929074595,0.015625
CB-RNN (full),6,-0.048482935039153206,0.0012770705415475483,0.015625
CB-RNN (full),7,-0.05566178781051989,0.00035918551884967594,0.015625
CB-RNN (full),8,-0.050044763730618134,0.0014569637849222326,0.015625
