variant,condition,quantity,n_seeds,mean,sem,ci95_lo,ci95_hi,t,df,p_t,wilcoxon_W,p_wilcoxon,cohens_dz,n_seeds_positive,seed_values
alt_eval_seed_54321,CB contribution,early window mean (N=5-9),8,0.39556222435441757,0.009162681261753952,0.37814113522569337,0.41212759173874347,43.17101218019426,7,9.34037175888284e-10,0.0,0.0078125,15.263257731651198,8,0.3984;0.4035;0.3466;0.3878;0.4388;0.4054;0.3824;0.4015
alt_eval_seed_54321,CB contribution,late window mean (N=26-30),8,0.012389510869264393,0.0009184188255403698,0.01078280061114704,0.014149271474163914,13.490044546914397,7,2.8884473199225027e-06,0.0,0.0078125,4.769450988815889,8,0.0123;0.0095;0.0098;0.0106;0.0137;0.0112;0.0162;0.0158
alt_eval_seed_54321,CB contribution,late - early (paired),8,-0.38317271348515314,0.008950406945333762,-0.39941413586248303,-0.366302436580489,-42.81064713877818,7,9.902885405398532e-10,0.0,0.0078125,-15.135849449407257,0,-0.3861;-0.3940;-0.3368;-0.3772;-0.4251;-0.3943;-0.3662;-0.3857
alt_eval_seed_54321,CB contribution,within-seed OLS slope of Q vs N (per level),8,-0.018544976113780812,0.00039750945320809285,-0.019284738937308935,-0.017827668694627923,-46.65291847555805,7,5.436067096269609e-10,0.0,0.0078125,-16.494297508105134,0,-0.0190;-0.0187;-0.0167;-0.0182;-0.0205;-0.0190;-0.0175;-0.0187
alt_eval_seed_54321,CB contribution,"within-seed Spearman rho(N, Q)",8,-0.9877777777777776,0.002040826016993494,-0.9909401709401708,-0.9837585470085469,-484.00881287908754,7,4.2438687413755706e-17,0.0,0.0078125,-171.12295687042678,0,-0.9911;-0.9754;-0.9843;-0.9891;-0.9891;-0.9904;-0.9884;-0.9945
alt_eval_seed_54321,CB-RNN (CB detached),early window mean (N=5-9),8,0.6440282737747545,0.00847276546068726,0.6271962992997752,0.6579438655804842,76.01157812794158,7,1.794654969299432e-11,0.0,0.0078125,26.87415117147927,8,0.6358;0.6670;0.6615;0.6654;0.5981;0.6494;0.6226;0.6525
alt_eval_seed_54321,CB-RNN (CB detached),late window mean (N=26-30),8,0.9785266930511844,0.0025471817531447978,0.9738743572250542,0.983174438576965,384.160530297093,7,2.1385623660902734e-16,0.0,0.0078125,135.82125801864728,8,0.9670;0.9893;0.9793;0.9804;0.9865;0.9782;0.9749;0.9727
alt_eval_seed_54321,CB-RNN (CB detached),early window mean - 1,8,-0.35597172622524553,0.00847276546068726,-0.37280370070022484,-0.34205613441951577,-42.013640986159345,7,1.129003178713291e-09,0.0,0.0078125,-14.854065221825172,0,-0.3642;-0.3330;-0.3385;-0.3346;-0.4019;-0.3506;-0.3774;-0.3475
alt_eval_seed_54321,CB-RNN (CB detached),late window mean - 1,8,-0.021473306948815662,0.0025471817531447978,-0.02612564277494582,-0.016825561423035096,-8.43022172340247,7,6.514058457345952e-05,0.0,0.0078125,-2.980533473762015,0,-0.0330;-0.0107;-0.0207;-0.0196;-0.0135;-0.0218;-0.0251;-0.0273
alt_eval_seed_54321,CB-RNN (CB detached),late - early (paired),8,0.3344984192764299,0.008736088116199511,0.3211798278897683,0.35274993542632743,38.289268014154125,7,2.1567487177686527e-09,0.0,0.0078125,13.537300529738777,8,0.3312;0.3223;0.3178;0.3150;0.3884;0.3288;0.3523;0.3202
alt_eval_seed_54321,CB-RNN (CB detached),within-seed OLS slope of Q vs N (per level),8,0.01636040520841753,0.00043524203155062406,0.015696581371293206,0.017262711056744182,37.58921248972851,7,2.4527598278746115e-09,0.0,0.0078125,13.289793525474549,8,0.0168;0.0154;0.0158;0.0153;0.0191;0.0160;0.0167;0.0159
alt_eval_seed_54321,CB-RNN (CB detached),"within-seed Spearman rho(N, Q)",8,0.9868376068376068,0.0026347610738594414,0.9818803418803418,0.9913675213675213,374.5453872946707,7,2.553739609818895e-16,0.0,0.0078125,132.4217916091017,8,0.9733;0.9877;0.9870;0.9918;0.9911;0.9795;0.9973;0.9870
alt_eval_seed_54321,CB-RNN (full),early window mean (N=5-9),8,1.039590500160342,0.00823746273429566,1.0243073870198178,1.0537169820227261,126.20275607829281,7,5.172489602625194e-13,0.0,0.0078125,44.61941231369631,8,1.0343;1.0704;1.0081;1.0532;1.0369;1.0548;1.0050;1.0540
alt_eval_seed_54321,CB-RNN (full),late window mean (N=26-30),8,0.9909162053368836,0.002289861079888653,0.9867870901897156,0.9950122068787632,432.740751847299,7,9.29244778218534e-17,0.0,0.0078125,152.99696006349507,8,0.9793;0.9988;0.9891;0.9910;1.0002;0.9893;0.9911;0.9885
alt_eval_seed_54321,CB-RNN (full),early window mean - 1,8,0.03959050016034221,0.008237462734295662,0.02430738701981798,0.05371698202272617,4.80615226282142,7,0.001952375241722977,0.0,0.0078125,1.6992314282280478,8,0.0343;0.0704;0.0081;0.0532;0.0369;0.0548;0.0050;0.0540
alt_eval_seed_54321,CB-RNN (full),late window mean - 1,8,-0.009083794663116304,0.002289861079888653,-0.013212909810284446,-0.004987793121236705,-3.966963211391852,7,0.005413265333807953,1.0,0.015625,-1.402533293746371,1,-0.0207;-0.0012;-0.0109;-0.0090;0.0002;-0.0107;-0.0089;-0.0115
alt_eval_seed_54321,CB-RNN (full),late - early (paired),8,-0.04867429482345852,0.007959149463794104,-0.062126331987591606,-0.033658270731337044,-6.1155146093029416,7,0.00048363728978439524,0.0,0.0078125,-2.1621609253417544,0,-0.0549;-0.0717;-0.0190;-0.0621;-0.0367;-0.0655;-0.0139;-0.0655
alt_eval_seed_54321,CB-RNN (full),within-seed OLS slope of Q vs N (per level),8,-0.00218457102692837,0.00034331222318554776,-0.002780837414640318,-0.0015339641525407162,-6.363219481840845,7,0.0003803899867007118,0.0,0.0078125,-2.2497378228940055,0,-0.0022;-0.0033;-0.0010;-0.0029;-0.0014;-0.0030;-0.0008;-0.0027
alt_eval_seed_54321,CB-RNN (full),"within-seed Spearman rho(N, Q)",8,-0.5006837606837606,0.06534870170127756,-0.6071004273504274,-0.36495726495726494,-7.661724680812937,7,0.0001199778506073596,0.0,0.0078125,-2.7088287386935823,0,-0.6752;-0.5043;-0.3101;-0.6021;-0.1378;-0.6397;-0.5371;-0.5993
alt_eval_seed_54321,RNN-only,early window mean (N=5-9),8,1.107605494026627,0.0034851422692509567,1.1012660751752554,1.1140334883628504,317.8078277604084,7,8.063608495361103e-16,0.0,0.0078125,112.36203506177553,8,1.1020;1.1003;1.1015;1.1136;1.1144;1.0930;1.1134;1.1227
alt_eval_seed_54321,RNN-only,late window mean (N=26-30),8,0.9960024630358617,0.002345607277820405,0.9919842492238959,1.0005709856236653,424.62456202871743,7,1.0609305705022193e-16,0.0,0.0078125,150.12745363443693,8,0.9897;0.9926;1.0045;0.9917;0.9973;0.9944;0.9904;1.0074
alt_eval_seed_54321,RNN-only,early window mean - 1,8,0.10760549402662689,0.0034851422692509567,0.10126607517525556,0.11403348836285015,30.875495378199858,7,9.651434022454636e-09,0.0,0.0078125,10.916136077209513,8,0.1020;0.1003;0.1015;0.1136;0.1144;0.0930;0.1134;0.1227
alt_eval_seed_54321,RNN-only,late window mean - 1,8,-0.0039975369641383485,0.002345607277820405,-0.008015750776104037,0.0005709856236653515,-1.7042652459080687,7,0.13210711084023852,7.0,0.1484375,-0.6025487561610772,2,-0.0103;-0.0074;0.0045;-0.0083;-0.0027;-0.0056;-0.0096;0.0074
alt_eval_seed_54321,RNN-only,late - early (paired),8,-0.11160303099076524,0.0034721699448517947,-0.11775161287050862,-0.10510033508554245,-32.142156853883165,7,7.296684401430246e-09,0.0,0.0078125,-11.363968536671225,0,-0.1123;-0.1077;-0.0970;-0.1218;-0.1171;-0.0986;-0.1230;-0.1153
alt_eval_seed_54321,RNN-only,within-seed OLS slope of Q vs N (per level),8,-0.005314417597320396,0.00014862548208600644,-0.005593960047051583,-0.005048147290216698,-35.75710923006496,7,3.474248388857495e-09,0.0,0.0078125,-12.642047206103511,0,-0.0055;-0.0051;-0.0049;-0.0059;-0.0053;-0.0047;-0.0059;-0.0053
alt_eval_seed_54321,RNN-only,"within-seed Spearman rho(N, Q)",8,-0.8033333333333333,0.016045986271413598,-0.8322264957264957,-0.7739316239316238,-50.06444102251886,7,3.3212479477563123e-10,0.0,0.0078125,-17.700452871668528,0,-0.7853;-0.8209;-0.7559;-0.8373;-0.8489;-0.7764;-0.8626;-0.7395
fewer_trials_256,CB contribution,early window mean (N=5-9),8,0.3910431478110452,0.010196195618816526,0.37229482792583957,0.4107434683470499,38.351867934879195,7,2.132329388875502e-09,0.0,0.0078125,13.559432943961994,8,0.3913;0.3935;0.3412;0.3840;0.4450;0.4003;0.3756;0.3975
fewer_trials_256,CB contribution,late window mean (N=26-30),8,0.015130427088921592,0.001020253638175314,0.013274251648754164,0.01699397723665838,14.830064331828112,7,1.5185406265669703e-06,0.0,0.0078125,5.243219527234203,8,0.0157;0.0109;0.0123;0.0152;0.0168;0.0131;0.0173;0.0197
fewer_trials_256,CB contribution,late - early (paired),8,-0.37591272072212367,0.009893903819006586,-0.39491039297568037,-0.3580911683390444,-37.99437791177839,7,2.2761641059294968e-09,0.0,0.0078125,-13.433041134191438,0,-0.3756;-0.3826;-0.3289;-0.3687;-0.4282;-0.3871;-0.3583;-0.3778
fewer_trials_256,CB contribution,within-seed OLS slope of Q vs N (per level),8,-0.01848280576821829,0.0004287010581322034,-0.019328699169513016,-0.01775426613356782,-43.11350629444572,7,9.42763747506253e-10,0.0,0.0078125,-15.242926330765732,0,-0.0186;-0.0185;-0.0168;-0.0181;-0.0209;-0.0189;-0.0175;-0.0187
fewer_trials_256,CB contribution,"within-seed Spearman rho(N, Q)",8,-0.9895726495726496,0.0009734374323806897,-0.9913675213675214,-0.9878632478632479,-1016.5755051688311,7,2.3539030003144925e-19,0.0,0.0078125,-359.41371664651035,0,-0.9870;-0.9918;-0.9863;-0.9911;-0.9884;-0.9870;-0.9938;-0.9911
fewer_trials_256,CB-RNN (CB detached),early window mean (N=5-9),8,0.6391739447450354,0.008813210798991436,0.6216700862454516,0.6536899908773957,72.52452702234027,7,2.4922056572531013e-11,0.0,0.0078125,25.641292429921904,8,0.6315;0.6634;0.6559;0.6632;0.5902;0.6401;0.6203;0.6486
fewer_trials_256,CB-RNN (CB detached),late window mean (N=26-30),8,0.9646706616071621,0.0029097196636550236,0.959529946798159,0.9700584087838932,331.5338840565135,7,5.997823818809985e-16,0.0,0.0078125,117.21492880473765,8,0.9548;0.9752;0.9688;0.9661;0.9753;0.9572;0.9559;0.9640
fewer_trials_256,CB-RNN (CB detached),early window mean - 1,8,-0.3608260552549646,0.008813210798991436,-0.3783299137545484,-0.34631000912260435,-40.941498335232914,7,1.3520666509975273e-09,0.0,0.0078125,-14.475005552390467,0,-0.3685;-0.3366;-0.3441;-0.3368;-0.4098;-0.3599;-0.3797;-0.3514
fewer_trials_256,CB-RNN (CB detached),late window mean - 1,8,-0.0353293383928379,0.0029097196636550236,-0.04047005320184107,-0.029941591216106775,-12.141835804367215,7,5.875934525267179e-06,0.0,0.0078125,-4.292787216660839,0,-0.0452;-0.0248;-0.0312;-0.0339;-0.0247;-0.0428;-0.0441;-0.0360
fewer_trials_256,CB-RNN (CB detached),late - early (paired),8,0.32549671686212667,0.009150936343870724,0.3123144992534791,0.3448006739171058,35.56977172944096,7,3.6037314554948776e-09,0.0,0.0078125,12.575813397572624,8,0.3232;0.3118;0.3129;0.3028;0.3851;0.3171;0.3356;0.3154
fewer_trials_256,CB-RNN (CB detached),within-seed OLS slope of Q vs N (per level),8,0.016223114013579037,0.0004535049002923485,0.015546630802438547,0.01717454435984953,35.77274248441622,7,3.4636854804791673e-09,0.0,0.0078125,12.647574396185405,8,0.0165;0.0152;0.0158;0.0150;0.0191;0.0158;0.0162;0.0161
fewer_trials_256,CB-RNN (CB detached),"within-seed Spearman rho(N, Q)",8,0.9737606837606837,0.006912818942789081,0.9601709401709402,0.9850427350427349,140.86303891648078,7,2.397282720795646e-13,0.0,0.0078125,49.80260501819404,8,0.9515;0.9843;0.9877;0.9856;0.9870;0.9357;0.9740;0.9843
fewer_trials_256,CB-RNN (full),early window mean (N=5-9),8,1.0302170899900651,0.008136986738181138,1.0149597905451164,1.0438182902253632,126.60916419538732,7,5.057423399391627e-13,0.0,0.0078125,44.76309928145971,8,1.0228;1.0569;0.9971;1.0472;1.0352;1.0404;0.9959;1.0461
fewer_trials_256,CB-RNN (full),late window mean (N=26-30),8,0.9798010909623389,0.002776617144885235,0.9748322161021162,0.9849211900105339,352.87583409445404,7,3.8756613762811265e-16,0.0,0.0078125,124.76044760252378,8,0.9705;0.9861;0.9811;0.9813;0.9921;0.9703;0.9732;0.9837
fewer_trials_256,CB-RNN (full),early window mean - 1,8,0.03021708999006524,0.00813698673818114,0.01495979054511664,0.043818290225363266,3.7135478970707605,7,0.007519627480507261,3.0,0.0390625,1.312937450139889,6,0.0228;0.0569;-0.0029;0.0472;0.0352;0.0404;-0.0041;0.0461
fewer_trials_256,CB-RNN (full),late window mean - 1,8,-0.02019890903766118,0.002776617144885235,-0.025167783897883662,-0.015078809989466176,-7.274646803528275,7,0.00016635256432741695,0.0,0.0078125,-2.5719760427559426,0,-0.0295;-0.0139;-0.0189;-0.0187;-0.0079;-0.0297;-0.0268;-0.0163
fewer_trials_256,CB-RNN (full),late - early (paired),8,-0.05041599902772642,0.007546617123323955,-0.06318307824466603,-0.03607964573618322,-6.680609099924812,7,0.0002824326140559774,0.0,0.0078125,-2.3619519985066963,0,-0.0524;-0.0708;-0.0160;-0.0659;-0.0431;-0.0700;-0.0228;-0.0624
fewer_trials_256,CB-RNN (full),within-seed OLS slope of Q vs N (per level),8,-0.002259691613748917,0.0003142874724170937,-0.0028058430870926375,-0.0016763104797145904,-7.189887641305856,7,0.00017902358484478374,0.0,0.0078125,-2.542009153568361,0,-0.0022;-0.0033;-0.0010;-0.0031;-0.0018;-0.0031;-0.0012;-0.0026
fewer_trials_256,CB-RNN (full),"within-seed Spearman rho(N, Q)",8,-0.544017094017094,0.0709182410165684,-0.6658974358974358,-0.40537393162393176,-7.671046069656422,7,0.00011905707775657563,0.0,0.0078125,-2.7121243473242345,0,-0.5015;-0.6123;-0.3573;-0.6964;-0.1754;-0.8010;-0.6670;-0.5412
fewer_trials_256,RNN-only,early window mean (N=5-9),8,1.100155657494352,0.0034276500712301272,1.0939519031538318,1.106309929300898,320.9649861076758,7,7.524537131163133e-16,0.0,0.0078125,113.4782591000918,8,1.0906;1.0927;1.0951;1.1104;1.1091;1.0873;1.1053;1.1106
fewer_trials_256,RNN-only,late window mean (N=26-30),8,0.9785314341822611,0.0019140339726067554,0.9750506850482125,0.982085794430543,511.24036886847017,7,2.893097290330005e-17,0.0,0.0078125,180.7507658216036,8,0.9726;0.9785;0.9847;0.9736;0.9753;0.9827;0.9745;0.9865
fewer_trials_256,RNN-only,early window mean - 1,8,0.10015565749435201,0.0034276500712301272,0.09395190315383184,0.10630992930089797,29.219919015364304,7,1.4157577472279513e-08,0.0,0.0078125,10.330801440742922,8,0.0906;0.0927;0.0951;0.1104;0.1091;0.0873;0.1053;0.1106
fewer_trials_256,RNN-only,late window mean - 1,8,-0.0214685658177389,0.0019140339726067554,-0.02494931495178751,-0.017914205569457012,-11.216397475171505,7,9.990797839780972e-06,0.0,0.0078125,-3.965595357588721,0,-0.0274;-0.0215;-0.0153;-0.0264;-0.0247;-0.0173;-0.0255;-0.0135
fewer_trials_256,RNN-only,late - early (paired),8,-0.12162422331209091,0.00412372237345087,-0.12903664632964443,-0.11427618943563884,-29.493795240709105,7,1.3268765918233825e-08,0.0,0.0078125,-10.427631308816464,0,-0.1181;-0.1142;-0.1104;-0.1368;-0.1339;-0.1046;-0.1309;-0.1241
fewer_trials_256,RNN-only,within-seed OLS slope of Q vs N (per level),8,-0.005829850781298083,0.00016529103990956757,-0.006136204570591582,-0.005536228373662168,-35.27021660997266,7,3.822401065725309e-09,0.0,0.0078125,-12.469904669415032,0,-0.0057;-0.0055;-0.0056;-0.0065;-0.0061;-0.0051;-0.0063;-0.0058
fewer_trials_256,RNN-only,"within-seed Spearman rho(N, Q)",8,-0.8701709401709401,0.014305638194029078,-0.8976089743589744,-0.8453846153846153,-60.82713181814804,7,8.521968955517968e-11,0.0,0.0078125,-21.505638694370244,0,-0.8694;-0.8797;-0.8332;-0.8708;-0.9063;-0.8332;-0.9432;-0.8256
primary_eval_seed_12345,CB contribution,early window mean (N=5-9),8,0.39888011919245836,0.009387785529792587,0.3813642824762279,0.416477162735315,42.48926628400203,7,1.0437382856481778e-09,0.0,0.0078125,15.022224158529387,8,0.4007;0.4038;0.3506;0.3926;0.4463;0.4074;0.3852;0.4043
primary_eval_seed_12345,CB contribution,late window mean (N=26-30),8,0.012137509419129108,0.0009688153469473552,0.010447749038578449,0.013973044198986083,12.528196892600064,7,4.759653601710278e-06,0.0,0.0078125,4.429386489398869,8,0.0121;0.0090;0.0098;0.0104;0.0136;0.0104;0.0158;0.0161
primary_eval_seed_12345,CB contribution,late - early (paired),8,-0.38674260977332925,0.009172832703612042,-0.40387513549448895,-0.369817044829769,-42.16174242674668,7,1.1016280402686894e-09,0.0,0.0078125,-14.90642698829657,0,-0.3886;-0.3948;-0.3409;-0.3822;-0.4327;-0.3970;-0.3694;-0.3882
primary_eval_seed_12345,CB contribution,within-seed OLS slope of Q vs N (per level),8,-0.018853391375795604,0.0004033933620835248,-0.019607449912538835,-0.018140018146460105,-46.736989618316784,7,5.368178523543099e-10,0.0,0.0078125,-16.524021145678535,0,-0.0192;-0.0189;-0.0171;-0.0186;-0.0210;-0.0193;-0.0178;-0.0189
primary_eval_seed_12345,CB contribution,"within-seed Spearman rho(N, Q)",8,-0.9921367521367521,0.0005632509203746311,-0.993076923076923,-0.9910256410256411,-1761.4471920913313,7,5.019780874898092e-21,0.0,0.0078125,-622.7656271148918,0,-0.9918;-0.9891;-0.9918;-0.9938;-0.9925;-0.9911;-0.9932;-0.9938
primary_eval_seed_12345,CB-RNN (CB detached),early window mean (N=5-9),8,0.6389230314784107,0.008443378592287012,0.6220979363834042,0.6526237189722734,75.67148914322803,7,1.851818922973095e-11,0.0,0.0078125,26.753911557830378,8,0.6312;0.6616;0.6553;0.6608;0.5910;0.6446;0.6216;0.6453
primary_eval_seed_12345,CB-RNN (CB detached),late window mean (N=26-30),8,0.9742830797759654,0.002290441732053367,0.9703627361374951,0.978693970087529,425.36907450709367,7,1.0480006317459417e-16,0.0,0.0078125,150.39067854550586,8,0.9654;0.9808;0.9769;0.9734;0.9854;0.9699;0.9696;0.9728
primary_eval_seed_12345,CB-RNN (CB detached),early window mean - 1,8,-0.3610769685215893,0.008443378592287012,-0.37790206361659584,-0.3473762810277265,-42.76451240163878,7,9.9776561254398e-10,0.0,0.0078125,-15.119538356667496,0,-0.3688;-0.3384;-0.3447;-0.3392;-0.4090;-0.3554;-0.3784;-0.3547
primary_eval_seed_12345,CB-RNN (CB detached),late window mean - 1,8,-0.02571692022403467,0.002290441732053367,-0.02963726386250483,-0.021306029912470964,-11.227930343802987,7,9.92252801243137e-06,0.0,0.0078125,-3.969672842396648,0,-0.0346;-0.0192;-0.0231;-0.0266;-0.0146;-0.0301;-0.0304;-0.0272
primary_eval_seed_12345,CB-RNN (CB detached),late - early (paired),8,0.33536004829755467,0.009239397764639303,0.32173290143894945,0.3547228359327776,36.296743233745474,7,3.1299776116712277e-09,0.0,0.0078125,12.832836637784178,8,0.3343;0.3191;0.3216;0.3127;0.3944;0.3253;0.3480;0.3275
primary_eval_seed_12345,CB-RNN (CB detached),within-seed OLS slope of Q vs N (per level),8,0.016624654950835278,0.0004479743650560309,0.01594675990519412,0.017557285245029672,37.11072830865206,7,2.6818124172097274e-09,0.0,0.0078125,13.120623820909723,8,0.0170;0.0156;0.0162;0.0154;0.0195;0.0162;0.0167;0.0164
primary_eval_seed_12345,CB-RNN (CB detached),"within-seed Spearman rho(N, Q)",8,0.9833333333333333,0.004721234544416218,0.9739316239316239,0.9909401709401708,208.27885674443286,7,1.5525332031794265e-14,0.0,0.0078125,73.63769599088498,8,0.9562;0.9891;0.9925;0.9836;0.9932;0.9706;0.9945;0.9870
primary_eval_seed_12345,CB-RNN (full),early window mean (N=5-9),8,1.037803150638938,0.007742119087862151,1.0233817656089863,1.050970999016648,134.04639464484248,7,3.392055685208274e-13,0.0,0.0078125,47.39255732348812,8,1.0319;1.0654;1.0059;1.0534;1.0373;1.0520;1.0068;1.0496
primary_eval_seed_12345,CB-RNN (full),late window mean (N=26-30),8,0.9864205878996144,0.002312503058198427,0.9824797459067895,0.9910419389790073,426.5596901169475,7,1.0276956930299712e-16,0.0,0.0078125,150.81162473126295,8,0.9775;0.9898;0.9866;0.9838;0.9990;0.9804;0.9854;0.9889
primary_eval_seed_12345,CB-RNN (full),early window mean - 1,8,0.03780315063893799,0.00774211908786215,0.023381765608986305,0.05097099901664823,4.882791159619925,7,0.0017879069924539369,0.0,0.0078125,1.7263273700424877,8,0.0319;0.0654;0.0059;0.0534;0.0373;0.0520;0.0068;0.0496
primary_eval_seed_12345,CB-RNN (full),late window mean - 1,8,-0.013579412100385574,0.002312503058198427,-0.017520254093210483,-0.008958061020992697,-5.8721704398370465,7,0.0006165840490623424,0.0,0.0078125,-2.0761257691459836,0,-0.0225;-0.0102;-0.0134;-0.0162;-0.0010;-0.0196;-0.0146;-0.0111
primary_eval_seed_12345,CB-RNN (full),late - early (paired),8,-0.05138256273932357,0.007933997464971755,-0.06497635429859237,-0.036446339403945094,-6.476251469221573,7,0.00034169030448830893,0.0,0.0078125,-2.289700665277958,0,-0.0544;-0.0756;-0.0193;-0.0696;-0.0383;-0.0717;-0.0214;-0.0607
primary_eval_seed_12345,CB-RNN (full),within-seed OLS slope of Q vs N (per level),8,-0.0022287365101195432,0.0003365257251171709,-0.0028221843416666365,-0.001604137656656862,-6.6227819859642105,7,0.0002979375175343023,0.0,0.0078125,-2.341507026297702,0,-0.0022;-0.0034;-0.0009;-0.0031;-0.0015;-0.0031;-0.0011;-0.0025
primary_eval_seed_12345,CB-RNN (full),"within-seed Spearman rho(N, Q)",8,-0.544017094017094,0.08258479758432338,-0.6824786324786325,-0.38135683760683775,-6.587375763216277,7,0.00030790186982863454,0.0,0.0078125,-2.328989036197069,0,-0.5337;-0.7354;-0.2691;-0.6889;-0.1255;-0.7819;-0.6738;-0.5439
primary_eval_seed_12345,RNN-only,early window mean (N=5-9),8,1.1088903212831134,0.003701692286990121,1.1022691883677171,1.115588204427844,299.5630742134868,7,1.219696726910939e-15,0.0,0.0078125,105.91154058472276,8,1.1012;1.1017;1.1017;1.1167;1.1179;1.0941;1.1144;1.1235
primary_eval_seed_12345,RNN-only,late window mean (N=26-30),8,0.9926636834238507,0.0027403178173898675,0.9881236902977673,0.998035154358623,362.24399853348234,7,3.2262256009680796e-16,0.0,0.0078125,128.07259390357757,8,0.9856;0.9877;1.0028;0.9901;0.9899;0.9909;0.9876;1.0068
primary_eval_seed_12345,RNN-only,early window mean - 1,8,0.10889032128311335,0.0037016922869901217,0.1022691883677173,0.11558820442784398,29.416362258369407,7,1.3513428121798266e-08,0.0,0.0078125,10.400254615366515,8,0.1012;0.1017;0.1017;0.1167;0.1179;0.0941;0.1144;0.1235
primary_eval_seed_12345,RNN-only,late window mean - 1,8,-0.0073363165761494015,0.0027403178173898675,-0.011876309702232718,-0.001964845641376986,-2.6771772710426665,7,0.03166852368655907,3.0,0.0390625,-0.9465251013963826,2,-0.0144;-0.0123;0.0028;-0.0099;-0.0101;-0.0091;-0.0124;0.0068
primary_eval_seed_12345,RNN-only,late - early (paired),8,-0.11622663785926275,0.003857689926677071,-0.1228723009821462,-0.10913400907974907,-30.128558818457915,7,1.1443173856543697e-08,0.0,0.0078125,-10.652054123954674,0,-0.1157;-0.1140;-0.0989;-0.1267;-0.1280;-0.1032;-0.1268;-0.1167
primary_eval_seed_12345,RNN-only,within-seed OLS slope of Q vs N (per level),8,-0.005551833585294064,0.0001475394565997868,-0.005821750849293898,-0.00528982857391035,-37.629483754666936,7,2.434523908171577e-09,0.0,0.0078125,-13.304031567737006,0,-0.0056;-0.0054;-0.0050;-0.0061;-0.0058;-0.0050;-0.0060;-0.0055
primary_eval_seed_12345,RNN-only,"within-seed Spearman rho(N, Q)",8,-0.8416239316239316,0.021969042392977995,-0.8812008547008546,-0.8002542735042736,-38.30954106096774,7,2.1488056896922042e-09,0.0,0.0078125,-13.544468134177388,0,-0.8113;-0.8879;-0.7778;-0.8605;-0.9132;-0.8304;-0.9091;-0.7429
