arch,seed,N,N_rel,t_rel,mode,gain_mean,gain_sem
rnn_only,1,7,7,1,full,1.0885080099105835,0.0042662303894758224
rnn_only,1,7,7,3,full,1.0912837982177734,0.003651790088042617
rnn_only,1,7,7,5,full,1.0819895267486572,0.008879202418029308
rnn_only,1,11,11,1,full,1.0877889394760132,0.005959844682365656
rnn_only,1,11,11,5,full,1.0372728109359741,0.006849826313555241
rnn_only,1,11,11,9,full,1.3281772136688232,0.01854412816464901
rnn_only,1,16,16,1,full,1.0418459177017212,0.006785793229937553
rnn_only,1,16,16,8,full,1.0325323343276978,0.004806118551641703
rnn_only,1,16,16,14,full,1.4715006351470947,0.033985476940870285
rnn_only,1,21,21,1,full,1.0582083463668823,0.00511357095092535
rnn_only,1,21,21,10,full,1.0356731414794922,0.006988841574639082
rnn_only,1,21,21,19,full,1.651975154876709,0.036324869841337204
rnn_only,1,25,25,1,full,1.0723825693130493,0.006120709702372551
rnn_only,1,25,25,12,full,1.0608174800872803,0.006469061132520437
rnn_only,1,25,25,23,full,1.3846827745437622,0.026625311002135277
rnn_only,1,30,30,1,full,1.022942066192627,0.008212856948375702
rnn_only,1,30,30,15,full,1.0117863416671753,0.002998749492689967
rnn_only,1,30,30,28,full,1.7503020763397217,0.04637693241238594
rnn_only,2,7,7,1,full,1.1127703189849854,0.0046617574989795685
rnn_only,2,7,7,3,full,1.0892689228057861,0.004701674450188875
rnn_only,2,7,7,5,full,1.14280366897583,0.009714875370264053
rnn_only,2,11,11,1,full,1.1069543361663818,0.004916413687169552
rnn_only,2,11,11,5,full,1.06206214427948,0.0045986659824848175
rnn_only,2,11,11,9,full,1.3461172580718994,0.015653040260076523
rnn_only,2,16,16,1,full,1.0334696769714355,0.0040757060050964355
rnn_only,2,16,16,8,full,1.0515111684799194,0.004829907324165106
rnn_only,2,16,16,14,full,1.5047249794006348,0.03310951963067055
rnn_only,2,21,21,1,full,1.0863394737243652,0.004126092419028282
rnn_only,2,21,21,10,full,1.0716161727905273,0.005779771599918604
rnn_only,2,21,21,19,full,1.554148554801941,0.04061811417341232
rnn_only,2,25,25,1,full,1.1281110048294067,0.008806115947663784
rnn_only,2,25,25,12,full,1.060415506362915,0.0033562027383595705
rnn_only,2,25,25,23,full,1.630264163017273,0.039262693375349045
rnn_only,2,30,30,1,full,1.0899934768676758,0.01594497635960579
rnn_only,2,30,30,15,full,1.017807960510254,0.0037111116107553244
rnn_only,2,30,30,28,full,1.7455514669418335,0.05066250264644623
rnn_only,3,7,7,1,full,1.069693684577942,0.004777457099407911
rnn_only,3,7,7,3,full,1.1475019454956055,0.0030475144740194082
rnn_only,3,7,7,5,full,1.0372341871261597,0.008624095469713211
rnn_only,3,11,11,1,full,1.0630625486373901,0.003984139300882816
rnn_only,3,11,11,5,full,1.031581997871399,0.004862834699451923
rnn_only,3,11,11,9,full,1.3261412382125854,0.020351799204945564
rnn_only,3,16,16,1,full,1.0679223537445068,0.007057265844196081
rnn_only,3,16,16,8,full,1.0128912925720215,0.004251864273101091
rnn_only,3,16,16,14,full,1.4155700206756592,0.040448032319545746
rnn_only,3,21,21,1,full,1.0996644496917725,0.006418139208108187
rnn_only,3,21,21,10,full,1.0752052068710327,0.004332032985985279
rnn_only,3,21,21,19,full,1.5329753160476685,0.03891580179333687
rnn_only,3,25,25,1,full,1.0684380531311035,0.0056711467914283276
rnn_only,3,25,25,12,full,1.1045209169387817,0.004047123249620199
rnn_only,3,25,25,23,full,1.5369001626968384,0.04447787255048752
rnn_only,3,30,30,1,full,1.0637052059173584,0.012000013142824173
rnn_only,3,30,30,15,full,1.0475727319717407,0.004022579174488783
rnn_only,3,30,30,28,full,1.6691888570785522,0.052238885313272476
rnn_only,4,7,7,1,full,1.0826221704483032,0.005691566504538059
rnn_only,4,7,7,3,full,1.168238639831543,0.005030021537095308
rnn_only,4,7,7,5,full,1.0887341499328613,0.018737785518169403
rnn_only,4,11,11,1,full,1.0494730472564697,0.004979769233614206
rnn_only,4,11,11,5,full,1.0439509153366089,0.005493800155818462
rnn_only,4,11,11,9,full,1.3501415252685547,0.01970786415040493
rnn_only,4,16,16,1,full,1.0368688106536865,0.007219704799354076
rnn_only,4,16,16,8,full,1.0680489540100098,0.004201119299978018
rnn_only,4,16,16,14,full,1.4606945514678955,0.031232068315148354
rnn_only,4,21,21,1,full,1.0511753559112549,0.007030955515801907
rnn_only,4,21,21,10,full,1.0183204412460327,0.004962301813066006
rnn_only,4,21,21,19,full,1.6460697650909424,0.040531475096940994
rnn_only,4,25,25,1,full,1.0218045711517334,0.007807788904756308
rnn_only,4,25,25,12,full,1.0344486236572266,0.003283840836957097
rnn_only,4,25,25,23,full,1.5539751052856445,0.041300736367702484
rnn_only,4,30,30,1,full,0.9980067014694214,0.011530156247317791
rnn_only,4,30,30,15,full,1.0549323558807373,0.0033583843614906073
rnn_only,4,30,30,28,full,1.7560398578643799,0.0479283444583416
rnn_only,5,7,7,1,full,1.166782021522522,0.005746642593294382
rnn_only,5,7,7,3,full,1.1382200717926025,0.0034081097692251205
rnn_only,5,7,7,5,full,1.0645434856414795,0.018158303573727608
rnn_only,5,11,11,1,full,1.0490353107452393,0.005188410170376301
rnn_only,5,11,11,5,full,1.0332127809524536,0.00697782076895237
rnn_only,5,11,11,9,full,1.315168857574463,0.01818261481821537
rnn_only,5,16,16,1,full,1.0226720571517944,0.003994422499090433
rnn_only,5,16,16,8,full,1.0512990951538086,0.005948863457888365
rnn_only,5,16,16,14,full,1.4735935926437378,0.027241185307502747
rnn_only,5,21,21,1,full,1.0052008628845215,0.005077810492366552
rnn_only,5,21,21,10,full,1.0591392517089844,0.0033308109268546104
rnn_only,5,21,21,19,full,1.6891705989837646,0.03238196298480034
rnn_only,5,25,25,1,full,1.0269466638565063,0.006138661410659552
rnn_only,5,25,25,12,full,1.0665589570999146,0.007332894019782543
rnn_only,5,25,25,23,full,1.4861546754837036,0.03969484940171242
rnn_only,5,30,30,1,full,0.9848198294639587,0.010523452423512936
rnn_only,5,30,30,15,full,0.9871123433113098,0.004008909221738577
rnn_only,5,30,30,28,full,1.6236244440078735,0.04733283817768097
rnn_only,6,7,7,1,full,1.044256567955017,0.005195118486881256
rnn_only,6,7,7,3,full,1.145694613456726,0.0026316752191632986
rnn_only,6,7,7,5,full,1.1233954429626465,0.007306557148694992
rnn_only,6,11,11,1,full,1.0879801511764526,0.004111017566174269
rnn_only,6,11,11,5,full,1.02151358127594,0.005164124071598053
rnn_only,6,11,11,9,full,1.3461744785308838,0.01484944298863411
rnn_only,6,16,16,1,full,1.0063328742980957,0.004766590427607298
rnn_only,6,16,16,8,full,1.0074574947357178,0.003795539028942585
rnn_only,6,16,16,14,full,1.564271330833435,0.03256409615278244
rnn_only,6,21,21,1,full,1.0500752925872803,0.005442257970571518
rnn_only,6,21,21,10,full,1.04856538772583,0.005516054108738899
rnn_only,6,21,21,19,full,1.4902890920639038,0.039203010499477386
rnn_only,6,25,25,1,full,1.0999106168746948,0.007539990823715925
rnn_only,6,25,25,12,full,1.0864075422286987,0.008895905688405037
rnn_only,6,25,25,23,full,1.605631709098816,0.03909914568066597
rnn_only,6,30,30,1,full,1.0572155714035034,0.01008075475692749
rnn_only,6,30,30,15,full,1.0125269889831543,0.0025605028495192528
rnn_only,6,30,30,28,full,1.749252200126648,0.04868198186159134
rnn_only,7,7,7,1,full,1.1376242637634277,0.005811919923871756
rnn_only,7,7,7,3,full,1.1325889825820923,0.005316055845469236
rnn_only,7,7,7,5,full,1.0497567653656006,0.011765338480472565
rnn_only,7,11,11,1,full,1.0914456844329834,0.006585363764315844
rnn_only,7,11,11,5,full,1.0104057788848877,0.005320679396390915
rnn_only,7,11,11,9,full,1.2891504764556885,0.014552172273397446
rnn_only,7,16,16,1,full,1.002780556678772,0.004925641696900129
rnn_only,7,16,16,8,full,1.0596600770950317,0.00536374980583787
rnn_only,7,16,16,14,full,1.4813090562820435,0.03440733253955841
rnn_only,7,21,21,1,full,1.022902488708496,0.007098785601556301
rnn_only,7,21,21,10,full,1.0577386617660522,0.0038667498156428337
rnn_only,7,21,21,19,full,1.589381456375122,0.04425128549337387
rnn_only,7,25,25,1,full,1.0609841346740723,0.008458280004560947
rnn_only,7,25,25,12,full,1.071666955947876,0.004059083294123411
rnn_only,7,25,25,23,full,1.6483416557312012,0.043234776705503464
rnn_only,7,30,30,1,full,1.0386574268341064,0.01691180281341076
rnn_only,7,30,30,15,full,1.017613172531128,0.0031513723079115152
rnn_only,7,30,30,28,full,1.8077685832977295,0.05227898061275482
rnn_only,8,7,7,1,full,1.0881927013397217,0.0048442562110722065
rnn_only,8,7,7,3,full,1.189895510673523,0.0058266171254217625
rnn_only,8,7,7,5,full,1.0960325002670288,0.01304791308939457
rnn_only,8,11,11,1,full,1.0793397426605225,0.005692664999514818
rnn_only,8,11,11,5,full,1.0150905847549438,0.0032121329568326473
rnn_only,8,11,11,9,full,1.3331904411315918,0.01889990270137787
rnn_only,8,16,16,1,full,1.0088289976119995,0.007367626763880253
rnn_only,8,16,16,8,full,1.023084044456482,0.003181715263053775
rnn_only,8,16,16,14,full,1.4726507663726807,0.035720378160476685
rnn_only,8,21,21,1,full,1.0533112287521362,0.00542235653847456
rnn_only,8,21,21,10,full,1.0463653802871704,0.0035173771902918816
rnn_only,8,21,21,19,full,1.5098676681518555,0.03676777333021164
rnn_only,8,25,25,1,full,1.0932798385620117,0.010978307574987411
rnn_only,8,25,25,12,full,1.073775291442871,0.0026878309436142445
rnn_only,8,25,25,23,full,1.4091160297393799,0.03384193405508995
rnn_only,8,30,30,1,full,1.0087385177612305,0.028539367020130157
rnn_only,8,30,30,15,full,0.9736339449882507,0.002617859747260809
rnn_only,8,30,30,28,full,1.6802674531936646,0.04385063052177429
cb_rnn,1,7,7,1,full,1.0867023468017578,0.006903639063239098
cb_rnn,1,7,7,3,full,1.086744785308838,0.006701526697725058
cb_rnn,1,7,7,5,full,1.1327062845230103,0.015426558442413807
cb_rnn,1,7,7,1,cb_zero,0.6701557636260986,0.0029494038317352533
cb_rnn,1,7,7,3,cb_zero,0.6845421195030212,0.002615742851048708
cb_rnn,1,7,7,5,cb_zero,0.6917933225631714,0.00530232535675168
cb_rnn,1,11,11,1,full,0.9604684114456177,0.004812322091311216
cb_rnn,1,11,11,5,full,1.0619215965270996,0.004256339278072119
cb_rnn,1,11,11,9,full,1.0985026359558105,0.018627960234880447
cb_rnn,1,11,11,1,cb_zero,0.7854804396629333,0.002733368892222643
cb_rnn,1,11,11,5,cb_zero,0.8076141476631165,0.0026170441415160894
cb_rnn,1,11,11,9,cb_zero,0.7201890349388123,0.005215968005359173
cb_rnn,1,16,16,1,full,1.0418517589569092,0.003934758715331554
cb_rnn,1,16,16,8,full,1.0029183626174927,0.0029482634272426367
cb_rnn,1,16,16,14,full,1.219075083732605,0.026204746216535568
cb_rnn,1,16,16,1,cb_zero,0.9182752966880798,0.004694880917668343
cb_rnn,1,16,16,8,cb_zero,0.8919397592544556,0.002605661517009139
cb_rnn,1,16,16,14,cb_zero,0.6712177395820618,0.00593681400641799
cb_rnn,1,21,21,1,full,1.0354812145233154,0.006056401412934065
cb_rnn,1,21,21,10,full,0.997053325176239,0.0051160152070224285
cb_rnn,1,21,21,19,full,1.2286064624786377,0.03493960574269295
cb_rnn,1,21,21,1,cb_zero,0.999350368976593,0.0059805577620863914
cb_rnn,1,21,21,10,cb_zero,0.9714669585227966,0.005342251155525446
cb_rnn,1,21,21,19,cb_zero,0.6343051195144653,0.006817699410021305
cb_rnn,1,25,25,1,full,1.0671905279159546,0.0036553051322698593
cb_rnn,1,25,25,12,full,0.9949936866760254,0.0034476148430258036
cb_rnn,1,25,25,23,full,1.2697983980178833,0.03474462777376175
cb_rnn,1,25,25,1,cb_zero,1.018476128578186,0.003828283865004778
cb_rnn,1,25,25,12,cb_zero,0.9727526903152466,0.0023709721863269806
cb_rnn,1,25,25,23,cb_zero,0.6747851371765137,0.004825732670724392
cb_rnn,1,30,30,1,full,1.0824940204620361,0.0037190185394138098
cb_rnn,1,30,30,15,full,1.018563985824585,0.006102275103330612
cb_rnn,1,30,30,28,full,1.2636034488677979,0.04183812811970711
cb_rnn,1,30,30,1,cb_zero,1.0097768306732178,0.0034903353080153465
cb_rnn,1,30,30,15,cb_zero,0.9917393922805786,0.0056578973308205605
cb_rnn,1,30,30,28,cb_zero,0.7057346105575562,0.00554245850071311
cb_rnn,2,7,7,1,full,1.0163187980651855,0.005249114241451025
cb_rnn,2,7,7,3,full,1.1760814189910889,0.01263349037617445
cb_rnn,2,7,7,5,full,0.9080737829208374,0.019730161875486374
cb_rnn,2,7,7,1,cb_zero,0.7381059527397156,0.0022973099257797003
cb_rnn,2,7,7,3,cb_zero,0.6846411824226379,0.004167916718870401
cb_rnn,2,7,7,5,cb_zero,0.6403502225875854,0.008464283309876919
cb_rnn,2,11,11,1,full,1.0087544918060303,0.005455857142806053
cb_rnn,2,11,11,5,full,0.990580141544342,0.004642280284315348
cb_rnn,2,11,11,9,full,1.0195428133010864,0.023829014971852303
cb_rnn,2,11,11,1,cb_zero,0.8205898404121399,0.006594415754079819
cb_rnn,2,11,11,5,cb_zero,0.7608982920646667,0.004920687526464462
cb_rnn,2,11,11,9,cb_zero,0.6716623306274414,0.008205005899071693
cb_rnn,2,16,16,1,full,1.0260034799575806,0.009206470102071762
cb_rnn,2,16,16,8,full,1.0259636640548706,0.003733620047569275
cb_rnn,2,16,16,14,full,1.1932930946350098,0.02273648791015148
cb_rnn,2,16,16,1,cb_zero,0.9074757695198059,0.007437138818204403
cb_rnn,2,16,16,8,cb_zero,0.8718095421791077,0.00417261803522706
cb_rnn,2,16,16,14,cb_zero,0.6547959446907043,0.009612523019313812
cb_rnn,2,21,21,1,full,1.0418668985366821,0.009690006263554096
cb_rnn,2,21,21,10,full,1.0346832275390625,0.0062859817408025265
cb_rnn,2,21,21,19,full,1.1245688199996948,0.02494145929813385
cb_rnn,2,21,21,1,cb_zero,0.9858338236808777,0.007115771993994713
cb_rnn,2,21,21,10,cb_zero,1.0221585035324097,0.0073883929289877415
cb_rnn,2,21,21,19,cb_zero,0.7167662382125854,0.011216064915060997
cb_rnn,2,25,25,1,full,1.0393821001052856,0.005869729910045862
cb_rnn,2,25,25,12,full,1.0125044584274292,0.007147911936044693
cb_rnn,2,25,25,23,full,1.0399377346038818,0.029483230784535408
cb_rnn,2,25,25,1,cb_zero,1.026153326034546,0.005095454398542643
cb_rnn,2,25,25,12,cb_zero,0.9904576539993286,0.007260765414685011
cb_rnn,2,25,25,23,cb_zero,0.672168493270874,0.009293894283473492
cb_rnn,2,30,30,1,full,1.003423810005188,0.0016659245593473315
cb_rnn,2,30,30,15,full,0.981991708278656,0.0016717191319912672
cb_rnn,2,30,30,28,full,1.1552261114120483,0.034218065440654755
cb_rnn,2,30,30,1,cb_zero,0.9845108389854431,0.0025084600783884525
cb_rnn,2,30,30,15,cb_zero,0.9771509766578674,0.0024357715155929327
cb_rnn,2,30,30,28,cb_zero,0.6391015648841858,0.012074913829565048
cb_rnn,3,7,7,1,full,0.953331708908081,0.0056111798621714115
cb_rnn,3,7,7,3,full,1.1484596729278564,0.007340653799474239
cb_rnn,3,7,7,5,full,1.0702385902404785,0.019441131502389908
cb_rnn,3,7,7,1,cb_zero,0.7014906406402588,0.003122911090031266
cb_rnn,3,7,7,3,cb_zero,0.7122247219085693,0.004029615316540003
cb_rnn,3,7,7,5,cb_zero,0.7188927531242371,0.006657687947154045
cb_rnn,3,11,11,1,full,0.9283391833305359,0.004296765197068453
cb_rnn,3,11,11,5,full,0.969836950302124,0.0034649542067199945
cb_rnn,3,11,11,9,full,1.1943042278289795,0.030142055824398994
cb_rnn,3,11,11,1,cb_zero,0.7365124821662903,0.002886096714064479
cb_rnn,3,11,11,5,cb_zero,0.8360443115234375,0.0028907470405101776
cb_rnn,3,11,11,9,cb_zero,0.6405841112136841,0.009299825876951218
cb_rnn,3,16,16,1,full,0.9944366216659546,0.004291418474167585
cb_rnn,3,16,16,8,full,1.0222866535186768,0.00233865762129426
cb_rnn,3,16,16,14,full,1.1474055051803589,0.029753461480140686
cb_rnn,3,16,16,1,cb_zero,0.8925812840461731,0.003930342383682728
cb_rnn,3,16,16,8,cb_zero,0.8504122495651245,0.0026968843303620815
cb_rnn,3,16,16,14,cb_zero,0.623682975769043,0.008019310422241688
cb_rnn,3,21,21,1,full,1.028724193572998,0.007109581958502531
cb_rnn,3,21,21,10,full,0.9949222207069397,0.005807356908917427
cb_rnn,3,21,21,19,full,1.1441949605941772,0.03438175842165947
cb_rnn,3,21,21,1,cb_zero,1.025189995765686,0.007780612912029028
cb_rnn,3,21,21,10,cb_zero,0.9869285821914673,0.005657838191837072
cb_rnn,3,21,21,19,cb_zero,0.6464173793792725,0.007659687660634518
cb_rnn,3,25,25,1,full,1.0598622560501099,0.0045955367386341095
cb_rnn,3,25,25,12,full,1.01743483543396,0.006194659508764744
cb_rnn,3,25,25,23,full,1.0585737228393555,0.03760121762752533
cb_rnn,3,25,25,1,cb_zero,1.0414931774139404,0.005739489570260048
cb_rnn,3,25,25,12,cb_zero,1.0102466344833374,0.006691557355225086
cb_rnn,3,25,25,23,cb_zero,0.7006730437278748,0.009856940247118473
cb_rnn,3,30,30,1,full,0.9872305393218994,0.004234293010085821
cb_rnn,3,30,30,15,full,1.061910629272461,0.0016638226807117462
cb_rnn,3,30,30,28,full,1.2142865657806396,0.038009386509656906
cb_rnn,3,30,30,1,cb_zero,0.9765061140060425,0.0037139756605029106
cb_rnn,3,30,30,15,cb_zero,1.0583441257476807,0.004755789879709482
cb_rnn,3,30,30,28,cb_zero,0.8098621964454651,0.014777110889554024
cb_rnn,4,7,7,1,full,1.1285563707351685,0.007339478936046362
cb_rnn,4,7,7,3,full,1.0711259841918945,0.008375813253223896
cb_rnn,4,7,7,5,full,1.181450366973877,0.010659920051693916
cb_rnn,4,7,7,1,cb_zero,0.7533277273178101,0.0038212393410503864
cb_rnn,4,7,7,3,cb_zero,0.6753131151199341,0.003139349166303873
cb_rnn,4,7,7,5,cb_zero,0.7379497289657593,0.00545834843069315
cb_rnn,4,11,11,1,full,0.9960498213768005,0.005336111411452293
cb_rnn,4,11,11,5,full,1.0555037260055542,0.004833799786865711
cb_rnn,4,11,11,9,full,1.3026047945022583,0.012310552410781384
cb_rnn,4,11,11,1,cb_zero,0.7927646040916443,0.004622214008122683
cb_rnn,4,11,11,5,cb_zero,0.7733633518218994,0.0036890627816319466
cb_rnn,4,11,11,9,cb_zero,0.7561485767364502,0.006770472973585129
cb_rnn,4,16,16,1,full,1.0243139266967773,0.004445926286280155
cb_rnn,4,16,16,8,full,1.018954873085022,0.0019510926213115454
cb_rnn,4,16,16,14,full,1.620776653289795,0.029720807448029518
cb_rnn,4,16,16,1,cb_zero,0.919272780418396,0.0026535990182310343
cb_rnn,4,16,16,8,cb_zero,0.9083269238471985,0.0016748980851843953
cb_rnn,4,16,16,14,cb_zero,0.7738640308380127,0.009004214778542519
cb_rnn,4,21,21,1,full,1.0667258501052856,0.007891898974776268
cb_rnn,4,21,21,10,full,1.0338304042816162,0.007162947207689285
cb_rnn,4,21,21,19,full,1.7065560817718506,0.035870179533958435
cb_rnn,4,21,21,1,cb_zero,1.0055344104766846,0.007906191051006317
cb_rnn,4,21,21,10,cb_zero,0.9864546060562134,0.006555860862135887
cb_rnn,4,21,21,19,cb_zero,0.7347569465637207,0.017265530303120613
cb_rnn,4,25,25,1,full,1.0436800718307495,0.005481937900185585
cb_rnn,4,25,25,12,full,1.0124033689498901,0.00649885693565011
cb_rnn,4,25,25,23,full,1.5484745502471924,0.030308613553643227
cb_rnn,4,25,25,1,cb_zero,1.0101351737976074,0.005368639715015888
cb_rnn,4,25,25,12,cb_zero,0.9944391846656799,0.006104915402829647
cb_rnn,4,25,25,23,cb_zero,0.8493877649307251,0.020889153704047203
cb_rnn,4,30,30,1,full,1.0362294912338257,0.007819040678441525
cb_rnn,4,30,30,15,full,1.0716040134429932,0.0034254228230565786
cb_rnn,4,30,30,28,full,1.5966399908065796,0.030180251225829124
cb_rnn,4,30,30,1,cb_zero,0.9745841026306152,0.009352441877126694
cb_rnn,4,30,30,15,cb_zero,1.0686410665512085,0.0026468036230653524
cb_rnn,4,30,30,28,cb_zero,0.94455486536026,0.02188793756067753
cb_rnn,5,7,7,1,full,0.9901317358016968,0.007278180215507746
cb_rnn,5,7,7,3,full,1.243655800819397,0.010766462422907352
cb_rnn,5,7,7,5,full,1.0780272483825684,0.022423548623919487
cb_rnn,5,7,7,1,cb_zero,0.6149904727935791,0.0027252566069364548
cb_rnn,5,7,7,3,cb_zero,0.6539847254753113,0.003887441474944353
cb_rnn,5,7,7,5,cb_zero,0.7603157758712769,0.0073752072639763355
cb_rnn,5,11,11,1,full,0.9584018588066101,0.004594285972416401
cb_rnn,5,11,11,5,full,1.026695966720581,0.004566411953419447
cb_rnn,5,11,11,9,full,1.417350172996521,0.037767257541418076
cb_rnn,5,11,11,1,cb_zero,0.6430098414421082,0.0035824778024107218
cb_rnn,5,11,11,5,cb_zero,0.7205916047096252,0.007094096392393112
cb_rnn,5,11,11,9,cb_zero,0.7118521928787231,0.0056686862371861935
cb_rnn,5,16,16,1,full,1.0257461071014404,0.003966693300753832
cb_rnn,5,16,16,8,full,1.0273078680038452,0.003895145608112216
cb_rnn,5,16,16,14,full,1.4227758646011353,0.04360829293727875
cb_rnn,5,16,16,1,cb_zero,0.8771404027938843,0.0060110315680503845
cb_rnn,5,16,16,8,cb_zero,0.8559127449989319,0.007590106222778559
cb_rnn,5,16,16,14,cb_zero,0.6883987784385681,0.004957572091370821
cb_rnn,5,21,21,1,full,1.0424418449401855,0.0065158638171851635
cb_rnn,5,21,21,10,full,1.0356497764587402,0.008934615179896355
cb_rnn,5,21,21,19,full,1.326587200164795,0.041241832077503204
cb_rnn,5,21,21,1,cb_zero,0.9789990186691284,0.007135397754609585
cb_rnn,5,21,21,10,cb_zero,0.9826723337173462,0.0072569758631289005
cb_rnn,5,21,21,19,cb_zero,0.7014418840408325,0.0038834940642118454
cb_rnn,5,25,25,1,full,1.0941455364227295,0.0066931662149727345
cb_rnn,5,25,25,12,full,1.0729081630706787,0.005279571283608675
cb_rnn,5,25,25,23,full,1.296275019645691,0.040595993399620056
cb_rnn,5,25,25,1,cb_zero,1.0515564680099487,0.005929017439484596
cb_rnn,5,25,25,12,cb_zero,1.0485190153121948,0.005093060899525881
cb_rnn,5,25,25,23,cb_zero,0.7264814972877502,0.003666467731818557
cb_rnn,5,30,30,1,full,1.0361608266830444,0.010682692751288414
cb_rnn,5,30,30,15,full,1.0794252157211304,0.0029494587797671556
cb_rnn,5,30,30,28,full,1.3726825714111328,0.03423429653048515
cb_rnn,5,30,30,1,cb_zero,0.9913531541824341,0.008732215501368046
cb_rnn,5,30,30,15,cb_zero,1.0593571662902832,0.0018413577927276492
cb_rnn,5,30,30,28,cb_zero,0.7572798132896423,0.00909518450498581
cb_rnn,6,7,7,1,full,0.9360549449920654,0.008122638799250126
cb_rnn,6,7,7,3,full,1.2300145626068115,0.011450331658124924
cb_rnn,6,7,7,5,full,0.9841978549957275,0.013005990535020828
cb_rnn,6,7,7,1,cb_zero,0.702712893486023,0.003753573866561055
cb_rnn,6,7,7,3,cb_zero,0.7480782866477966,0.004660260863602161
cb_rnn,6,7,7,5,cb_zero,0.7378442883491516,0.0041292812675237656
cb_rnn,6,11,11,1,full,1.0010826587677002,0.006468555890023708
cb_rnn,6,11,11,5,full,1.0727643966674805,0.00765941571444273
cb_rnn,6,11,11,9,full,1.0824731588363647,0.016035838052630424
cb_rnn,6,11,11,1,cb_zero,0.7930200099945068,0.004423854406923056
cb_rnn,6,11,11,5,cb_zero,0.8468361496925354,0.004414716735482216
cb_rnn,6,11,11,9,cb_zero,0.7521145939826965,0.004683156497776508
cb_rnn,6,16,16,1,full,1.0092213153839111,0.00525704538449645
cb_rnn,6,16,16,8,full,0.9904795289039612,0.002870215568691492
cb_rnn,6,16,16,14,full,1.2207895517349243,0.02197069302201271
cb_rnn,6,16,16,1,cb_zero,0.9553146362304688,0.003548145294189453
cb_rnn,6,16,16,8,cb_zero,0.8905049562454224,0.0017789265839383006
cb_rnn,6,16,16,14,cb_zero,0.7950707077980042,0.007280632387846708
cb_rnn,6,21,21,1,full,1.046671748161316,0.008188449777662754
cb_rnn,6,21,21,10,full,0.9998669624328613,0.006962932646274567
cb_rnn,6,21,21,19,full,1.2858409881591797,0.02694944478571415
cb_rnn,6,21,21,1,cb_zero,1.0214941501617432,0.008710131049156189
cb_rnn,6,21,21,10,cb_zero,0.9729177951812744,0.006996633484959602
cb_rnn,6,21,21,19,cb_zero,0.8164551258087158,0.010964815504848957
cb_rnn,6,25,25,1,full,1.128515601158142,0.007352272514253855
cb_rnn,6,25,25,12,full,1.0219193696975708,0.007157688960433006
cb_rnn,6,25,25,23,full,1.2450820207595825,0.02224721387028694
cb_rnn,6,25,25,1,cb_zero,1.0787817239761353,0.006907204631716013
cb_rnn,6,25,25,12,cb_zero,1.022238850593567,0.007108596619218588
cb_rnn,6,25,25,23,cb_zero,0.8906616568565369,0.012415735051035881
cb_rnn,6,30,30,1,full,0.9985504150390625,0.0061004385352134705
cb_rnn,6,30,30,15,full,1.0142312049865723,0.005760200787335634
cb_rnn,6,30,30,28,full,1.2899518013000488,0.028594965115189552
cb_rnn,6,30,30,1,cb_zero,0.9562400579452515,0.004531996790319681
cb_rnn,6,30,30,15,cb_zero,1.00226891040802,0.005290810484439135
cb_rnn,6,30,30,28,cb_zero,0.9082806706428528,0.02036239393055439
cb_rnn,7,7,7,1,full,1.021949291229248,0.005731421988457441
cb_rnn,7,7,7,3,full,1.1522718667984009,0.010346961207687855
cb_rnn,7,7,7,5,full,1.210959792137146,0.012678421102464199
cb_rnn,7,7,7,1,cb_zero,0.7639785408973694,0.003279103199020028
cb_rnn,7,7,7,3,cb_zero,0.7012719511985779,0.006687178276479244
cb_rnn,7,7,7,5,cb_zero,0.7435983419418335,0.007007932756096125
cb_rnn,7,11,11,1,full,0.9364263415336609,0.004753927234560251
cb_rnn,7,11,11,5,full,1.0324711799621582,0.0053014145232737064
cb_rnn,7,11,11,9,full,1.297764778137207,0.016165323555469513
cb_rnn,7,11,11,1,cb_zero,0.7580191493034363,0.005040613003075123
cb_rnn,7,11,11,5,cb_zero,0.7655415534973145,0.006277031265199184
cb_rnn,7,11,11,9,cb_zero,0.7166723608970642,0.009243692271411419
cb_rnn,7,16,16,1,full,0.9991837739944458,0.005211188457906246
cb_rnn,7,16,16,8,full,0.9888246655464172,0.003283291356638074
cb_rnn,7,16,16,14,full,1.3022186756134033,0.026599619537591934
cb_rnn,7,16,16,1,cb_zero,0.8931862115859985,0.004177154507488012
cb_rnn,7,16,16,8,cb_zero,0.8641598224639893,0.0033566586207598448
cb_rnn,7,16,16,14,cb_zero,0.7071143984794617,0.009365392848849297
cb_rnn,7,21,21,1,full,1.0668028593063354,0.008980980142951012
cb_rnn,7,21,21,10,full,1.008436918258667,0.005544545128941536
cb_rnn,7,21,21,19,full,1.3332586288452148,0.03436543419957161
cb_rnn,7,21,21,1,cb_zero,1.0112565755844116,0.006082530599087477
cb_rnn,7,21,21,10,cb_zero,0.961685061454773,0.007035006303340197
cb_rnn,7,21,21,19,cb_zero,0.682174801826477,0.011783100664615631
cb_rnn,7,25,25,1,full,1.1133466958999634,0.010071555152535439
cb_rnn,7,25,25,12,full,1.0004669427871704,0.005522430408746004
cb_rnn,7,25,25,23,full,1.2512367963790894,0.02260989136993885
cb_rnn,7,25,25,1,cb_zero,1.0334340333938599,0.007769841235131025
cb_rnn,7,25,25,12,cb_zero,0.9856017231941223,0.007257082965224981
cb_rnn,7,25,25,23,cb_zero,0.8125476241111755,0.0073570250533521175
cb_rnn,7,30,30,1,full,0.9964646100997925,0.015671122819185257
cb_rnn,7,30,30,15,full,0.9644131660461426,0.005784228444099426
cb_rnn,7,30,30,28,full,1.1725913286209106,0.029981007799506187
cb_rnn,7,30,30,1,cb_zero,0.8605616688728333,0.0036174773704260588
cb_rnn,7,30,30,15,cb_zero,0.9557340741157532,0.006482751574367285
cb_rnn,7,30,30,28,cb_zero,0.785474956035614,0.013070079497992992
cb_rnn,8,7,7,1,full,1.1143254041671753,0.007374736946076155
cb_rnn,8,7,7,3,full,1.2326749563217163,0.00893363170325756
cb_rnn,8,7,7,5,full,1.173510193824768,0.012728322297334671
cb_rnn,8,7,7,1,cb_zero,0.7386430501937866,0.005803228355944157
cb_rnn,8,7,7,3,cb_zero,0.7319283485412598,0.005593990907073021
cb_rnn,8,7,7,5,cb_zero,0.7802082896232605,0.004046064801514149
cb_rnn,8,11,11,1,full,0.9866232872009277,0.003491543233394623
cb_rnn,8,11,11,5,full,1.0098668336868286,0.0040131425485014915
cb_rnn,8,11,11,9,full,1.341996192932129,0.0148418378084898
cb_rnn,8,11,11,1,cb_zero,0.8313363790512085,0.006988079287111759
cb_rnn,8,11,11,5,cb_zero,0.8084511756896973,0.004555996973067522
cb_rnn,8,11,11,9,cb_zero,0.7725728154182434,0.003761163679882884
cb_rnn,8,16,16,1,full,0.996556282043457,0.005015629343688488
cb_rnn,8,16,16,8,full,1.0010427236557007,0.002694678958505392
cb_rnn,8,16,16,14,full,1.4046478271484375,0.023607322946190834
cb_rnn,8,16,16,1,cb_zero,0.8727997541427612,0.003836281830444932
cb_rnn,8,16,16,8,cb_zero,0.8711256980895996,0.002210072008892894
cb_rnn,8,16,16,14,cb_zero,0.7942218780517578,0.004678988829255104
cb_rnn,8,21,21,1,full,1.0252957344055176,0.006081701721996069
cb_rnn,8,21,21,10,full,0.9998629093170166,0.0032684386242181063
cb_rnn,8,21,21,19,full,1.5033527612686157,0.0379084050655365
cb_rnn,8,21,21,1,cb_zero,0.9522618055343628,0.004948271904140711
cb_rnn,8,21,21,10,cb_zero,0.9631122350692749,0.002860976615920663
cb_rnn,8,21,21,19,cb_zero,0.8322498798370361,0.0136324567720294
cb_rnn,8,25,25,1,full,1.045240879058838,0.011150237172842026
cb_rnn,8,25,25,12,full,0.9853898882865906,0.002747549209743738
cb_rnn,8,25,25,23,full,1.5891300439834595,0.029596170410513878
cb_rnn,8,25,25,1,cb_zero,0.9453881978988647,0.005353883374482393
cb_rnn,8,25,25,12,cb_zero,0.9675795435905457,0.0017786998068913817
cb_rnn,8,25,25,23,cb_zero,0.8912632465362549,0.016456563025712967
cb_rnn,8,30,30,1,full,1.0106183290481567,0.01321199256926775
cb_rnn,8,30,30,15,full,0.9816564917564392,0.0017503458075225353
cb_rnn,8,30,30,28,full,1.4933937788009644,0.029419614002108574
cb_rnn,8,30,30,1,cb_zero,0.9231429696083069,0.009886115789413452
cb_rnn,8,30,30,15,cb_zero,0.9757944345474243,0.001442319480702281
cb_rnn,8,30,30,28,cb_zero,0.9706747531890869,0.022831859067082405
