arch,seed,N,N_rel,mode,growth_mean,growth_sem
rnn_only,1,7,7,full,1.7534234523773193,0.034558676183223724
rnn_only,1,11,11,full,2.043158769607544,0.06931231915950775
rnn_only,1,16,16,full,1.8616995811462402,0.08186831325292587
rnn_only,1,21,21,full,1.5462720394134521,0.07361902296543121
rnn_only,1,25,25,full,1.8113713264465332,0.08358988910913467
rnn_only,1,30,30,full,1.4495326280593872,0.07130314409732819
rnn_only,2,7,7,full,1.894049048423767,0.0356864258646965
rnn_only,2,11,11,full,2.2414958477020264,0.06327419728040695
rnn_only,2,16,16,full,2.3322792053222656,0.09862558543682098
rnn_only,2,21,21,full,1.748490571975708,0.08083485811948776
rnn_only,2,25,25,full,1.7459628582000732,0.08994413167238235
rnn_only,2,30,30,full,1.2969026565551758,0.06466586142778397
rnn_only,3,7,7,full,1.778473138809204,0.028908157721161842
rnn_only,3,11,11,full,2.556211233139038,0.07767058908939362
rnn_only,3,16,16,full,2.184788703918457,0.10853860527276993
rnn_only,3,21,21,full,1.676037311553955,0.08243541419506073
rnn_only,3,25,25,full,1.493748664855957,0.06870152801275253
rnn_only,3,30,30,full,1.3393296003341675,0.06441516429185867
rnn_only,4,7,7,full,1.8031892776489258,0.03518494963645935
rnn_only,4,11,11,full,2.4707658290863037,0.07028075307607651
rnn_only,4,16,16,full,2.208052158355713,0.09571792930364609
rnn_only,4,21,21,full,1.6526504755020142,0.07279538363218307
rnn_only,4,25,25,full,1.6245384216308594,0.0793297216296196
rnn_only,4,30,30,full,1.775585412979126,0.08769689500331879
rnn_only,5,7,7,full,1.8129584789276123,0.031046666204929352
rnn_only,5,11,11,full,2.203591823577881,0.0746791735291481
rnn_only,5,16,16,full,2.226238965988159,0.07520081102848053
rnn_only,5,21,21,full,1.7446614503860474,0.06689153611660004
rnn_only,5,25,25,full,1.5074245929718018,0.05762805789709091
rnn_only,5,30,30,full,1.413581371307373,0.05687534436583519
rnn_only,6,7,7,full,1.7193294763565063,0.03558729961514473
rnn_only,6,11,11,full,2.258667469024658,0.05998804047703743
rnn_only,6,16,16,full,2.3726446628570557,0.09048599004745483
rnn_only,6,21,21,full,1.3902281522750854,0.0698947086930275
rnn_only,6,25,25,full,1.9793206453323364,0.09377618134021759
rnn_only,6,30,30,full,1.5599019527435303,0.07732383906841278
rnn_only,7,7,7,full,1.8065013885498047,0.040308717638254166
rnn_only,7,11,11,full,2.237377405166626,0.06616932898759842
rnn_only,7,16,16,full,2.357285499572754,0.09398730099201202
rnn_only,7,21,21,full,1.8372611999511719,0.08586940914392471
rnn_only,7,25,25,full,1.66084623336792,0.07410968840122223
rnn_only,7,30,30,full,1.3346943855285645,0.053152818232774734
rnn_only,8,7,7,full,2.0230913162231445,0.03585527464747429
rnn_only,8,11,11,full,2.2436766624450684,0.06691747158765793
rnn_only,8,16,16,full,2.113896369934082,0.09981656074523926
rnn_only,8,21,21,full,1.8684985637664795,0.0975966826081276
rnn_only,8,25,25,full,1.546494483947754,0.07272310554981232
rnn_only,8,30,30,full,1.511652946472168,0.09567557275295258
cb_rnn,1,7,7,full,1.3363714218139648,0.03122769109904766
cb_rnn,1,7,7,cb_zero,0.18027850985527039,0.002682017395272851
cb_rnn,1,11,11,full,1.042342185974121,0.02862796001136303
cb_rnn,1,11,11,cb_zero,0.1451295018196106,0.004219819791615009
cb_rnn,1,16,16,full,1.3395421504974365,0.04600920155644417
cb_rnn,1,16,16,cb_zero,0.30572623014450073,0.008243173360824585
cb_rnn,1,21,21,full,1.1015417575836182,0.040692657232284546
cb_rnn,1,21,21,cb_zero,0.4889909625053406,0.020437616854906082
cb_rnn,1,25,25,full,1.4251112937927246,0.051693011075258255
cb_rnn,1,25,25,cb_zero,0.6078358888626099,0.013432797975838184
cb_rnn,1,30,30,full,1.1344027519226074,0.032099224627017975
cb_rnn,1,30,30,cb_zero,0.5736415982246399,0.02755976840853691
cb_rnn,2,7,7,full,1.1531825065612793,0.03410164639353752
cb_rnn,2,7,7,cb_zero,0.14808914065361023,0.003135022474452853
cb_rnn,2,11,11,full,1.1540329456329346,0.037465281784534454
cb_rnn,2,11,11,cb_zero,0.1547900140285492,0.0064906650222837925
cb_rnn,2,16,16,full,1.0761497020721436,0.04283934831619263
cb_rnn,2,16,16,cb_zero,0.17010943591594696,0.0077460273168981075
cb_rnn,2,21,21,full,1.0875768661499023,0.041105449199676514
cb_rnn,2,21,21,cb_zero,0.4264320433139801,0.01578320376574993
cb_rnn,2,25,25,full,1.0517209768295288,0.039985109120607376
cb_rnn,2,25,25,cb_zero,0.5577698945999146,0.015218799002468586
cb_rnn,2,30,30,full,1.0337281227111816,0.030941825360059738
cb_rnn,2,30,30,cb_zero,0.7097870111465454,0.04980117827653885
cb_rnn,3,7,7,full,1.0640686750411987,0.025072893127799034
cb_rnn,3,7,7,cb_zero,0.17399927973747253,0.004039619117975235
cb_rnn,3,11,11,full,1.091122031211853,0.032368388026952744
cb_rnn,3,11,11,cb_zero,0.1295001357793808,0.0043049221858382225
cb_rnn,3,16,16,full,1.1102244853973389,0.03712783381342888
cb_rnn,3,16,16,cb_zero,0.1353629231452942,0.003298272145912051
cb_rnn,3,21,21,full,0.9730347990989685,0.03522169962525368
cb_rnn,3,21,21,cb_zero,0.5039342045783997,0.032141875475645065
cb_rnn,3,25,25,full,1.0035773515701294,0.0322757251560688
cb_rnn,3,25,25,cb_zero,0.6996474266052246,0.04685526341199875
cb_rnn,3,30,30,full,1.129221796989441,0.04416503384709358
cb_rnn,3,30,30,cb_zero,1.4305293560028076,0.26719632744789124
cb_rnn,4,7,7,full,1.53827702999115,0.031325165182352066
cb_rnn,4,7,7,cb_zero,0.1927671730518341,0.003229142865166068
cb_rnn,4,11,11,full,1.452944040298462,0.053519293665885925
cb_rnn,4,11,11,cb_zero,0.1019585132598877,0.0032352113630622625
cb_rnn,4,16,16,full,1.961838960647583,0.06182296201586723
cb_rnn,4,16,16,cb_zero,0.29871755838394165,0.005369923077523708
cb_rnn,4,21,21,full,1.4304174184799194,0.04977910593152046
cb_rnn,4,21,21,cb_zero,0.49987441301345825,0.016105787828564644
cb_rnn,4,25,25,full,1.4232304096221924,0.06040721386671066
cb_rnn,4,25,25,cb_zero,0.5486545562744141,0.013712194748222828
cb_rnn,4,30,30,full,1.2546617984771729,0.036794789135456085
cb_rnn,4,30,30,cb_zero,0.7767005562782288,0.02957743965089321
cb_rnn,5,7,7,full,1.2592713832855225,0.03710411861538887
cb_rnn,5,7,7,cb_zero,0.12628033757209778,0.003189275972545147
cb_rnn,5,11,11,full,1.2991116046905518,0.04638129100203514
cb_rnn,5,11,11,cb_zero,0.04098983854055405,0.0023534679785370827
cb_rnn,5,16,16,full,1.2174615859985352,0.05577560514211655
cb_rnn,5,16,16,cb_zero,0.1116320863366127,0.004983598832041025
cb_rnn,5,21,21,full,1.1412919759750366,0.04626331478357315
cb_rnn,5,21,21,cb_zero,0.27995795011520386,0.012582172639667988
cb_rnn,5,25,25,full,1.0701911449432373,0.04869908094406128
cb_rnn,5,25,25,cb_zero,0.46970081329345703,0.01497705653309822
cb_rnn,5,30,30,full,1.0954077243804932,0.0450354628264904
cb_rnn,5,30,30,cb_zero,0.5106949806213379,0.019931994378566742
cb_rnn,6,7,7,full,1.2328437566757202,0.03199860826134682
cb_rnn,6,7,7,cb_zero,0.17444747686386108,0.003022130811586976
cb_rnn,6,11,11,full,1.1115182638168335,0.03131211921572685
cb_rnn,6,11,11,cb_zero,0.13988755643367767,0.004371691029518843
cb_rnn,6,16,16,full,1.2590765953063965,0.045741427689790726
cb_rnn,6,16,16,cb_zero,0.2888958156108856,0.005934284999966621
cb_rnn,6,21,21,full,1.0460827350616455,0.03688672184944153
cb_rnn,6,21,21,cb_zero,0.42384111881256104,0.014493078924715519
cb_rnn,6,25,25,full,1.24772047996521,0.036972396075725555
cb_rnn,6,25,25,cb_zero,0.6832374334335327,0.016709355637431145
cb_rnn,6,30,30,full,1.1277481317520142,0.03677573427557945
cb_rnn,6,30,30,cb_zero,0.7615188360214233,0.034479837864637375
cb_rnn,7,7,7,full,1.3254996538162231,0.027668943628668785
cb_rnn,7,7,7,cb_zero,0.19435438513755798,0.005689836572855711
cb_rnn,7,11,11,full,1.3181248903274536,0.03487809747457504
cb_rnn,7,11,11,cb_zero,0.1432068794965744,0.005743660498410463
cb_rnn,7,16,16,full,1.2349131107330322,0.03744443506002426
cb_rnn,7,16,16,cb_zero,0.18237972259521484,0.007994274608790874
cb_rnn,7,21,21,full,1.0847139358520508,0.03857315331697464
cb_rnn,7,21,21,cb_zero,0.5576399564743042,0.03528115153312683
cb_rnn,7,25,25,full,1.2981901168823242,0.042594410479068756
cb_rnn,7,25,25,cb_zero,0.9655646085739136,0.1222047433257103
cb_rnn,7,30,30,full,1.1978578567504883,0.07945214211940765
cb_rnn,7,30,30,cb_zero,1.2602875232696533,0.20168083906173706
cb_rnn,8,7,7,full,1.5151516199111938,0.030375301837921143
cb_rnn,8,7,7,cb_zero,0.36070507764816284,0.010283736512064934
cb_rnn,8,11,11,full,1.2255263328552246,0.03321812301874161
cb_rnn,8,11,11,cb_zero,0.34908461570739746,0.011378615163266659
cb_rnn,8,16,16,full,1.5117123126983643,0.05278338864445686
cb_rnn,8,16,16,cb_zero,0.5606648921966553,0.014975281432271004
cb_rnn,8,21,21,full,1.3041961193084717,0.06040838360786438
cb_rnn,8,21,21,cb_zero,0.4820733666419983,0.01645459420979023
cb_rnn,8,25,25,full,1.6047954559326172,0.07294876873493195
cb_rnn,8,25,25,cb_zero,0.6630697846412659,0.021516792476177216
cb_rnn,8,30,30,full,1.334176778793335,0.04972386732697487
cb_rnn,8,30,30,cb_zero,0.6209544539451599,0.02050626464188099
