arch,seed,N,t_rel,fd_rel_err_full,fd_rel_err_det,forward_max_abs_diff,J_full_minus_J_det_max_abs,J_det_vs_analytic_max_abs_err,K_vs_analytic_max_abs_err
rnn_only,1,7,1,1.2371252313418806e-09,,,,,
rnn_only,1,16,4,1.3221184106177438e-09,,,,,
rnn_only,1,30,26,1.1648174225685346e-09,,,,,
rnn_only,2,7,3,1.4438010761944422e-09,,,,,
rnn_only,2,16,1,1.2172676901496958e-09,,,,,
rnn_only,2,30,21,1.308891052551526e-09,,,,,
rnn_only,3,7,0,1.3206311576568097e-09,,,,,
rnn_only,3,16,3,1.3902793625936254e-09,,,,,
rnn_only,3,30,7,1.2787332410481232e-09,,,,,
rnn_only,4,7,4,1.0700911878869592e-09,,,,,
rnn_only,4,16,7,1.0469758061818253e-09,,,,,
rnn_only,4,30,24,1.096835062408515e-09,,,,,
rnn_only,5,7,2,1.0614308341475805e-09,,,,,
rnn_only,5,16,0,1.524802656539856e-09,,,,,
rnn_only,5,30,21,1.1548395712147793e-09,,,,,
rnn_only,6,7,2,1.0174775369976103e-09,,,,,
rnn_only,6,16,2,1.1800032851619031e-09,,,,,
rnn_only,6,30,26,1.1457840024193122e-09,,,,,
rnn_only,7,7,4,1.0797765146409102e-09,,,,,
rnn_only,7,16,9,1.3431017846299093e-09,,,,,
rnn_only,7,30,1,1.0817277905390687e-09,,,,,
rnn_only,8,7,2,1.4525380153392125e-09,,,,,
rnn_only,8,16,7,1.3417719875760963e-09,,,,,
rnn_only,8,30,14,1.3302115907682322e-09,,,,,
cb_rnn,1,7,1,6.272249841421875e-10,4.821668388926938e-10,0.0,0.29687365169633506,0.0,3.608224830031759e-16
cb_rnn,1,16,4,9.077778166710964e-10,7.437096936367264e-10,0.0,0.5551155009237438,0.0,4.440892098500626e-16
cb_rnn,1,30,26,4.541891356410543e-10,5.065902825225629e-10,0.0,0.5024768922030182,0.0,3.885780586188048e-16
cb_rnn,2,7,3,5.946914908450645e-10,4.885945954817257e-10,0.0,0.2602105243225902,0.0,2.498001805406602e-16
cb_rnn,2,16,1,4.3165540397065545e-10,4.973130057744147e-10,0.0,0.39628121425905216,0.0,3.608224830031759e-16
cb_rnn,2,30,21,5.18787521474975e-10,4.471093479823326e-10,0.0,0.38031656481714793,0.0,2.220446049250313e-16
cb_rnn,3,7,0,5.970252620222115e-10,4.6523635840035957e-10,0.0,0.3177337955763984,0.0,4.440892098500626e-16
cb_rnn,3,16,3,6.541807358923864e-10,6.45872464823665e-10,0.0,0.5269467253888964,0.0,6.661338147750939e-16
cb_rnn,3,30,7,4.039414332510448e-10,6.375645675721425e-10,0.0,0.5013761738214014,0.0,3.3306690738754696e-16
cb_rnn,4,7,4,6.814840697468625e-10,4.494116992920061e-10,0.0,0.27308313984321525,0.0,3.3306690738754696e-16
cb_rnn,4,16,7,7.219718276621719e-10,7.18405979455021e-10,0.0,0.8350912332624992,0.0,7.771561172376096e-16
cb_rnn,4,30,24,4.3555192606441705e-10,4.1312847068678884e-10,0.0,0.7072005501379854,0.0,4.996003610813204e-16
cb_rnn,5,7,2,5.295087344512213e-10,3.652460095246172e-10,0.0,0.27152169801782366,0.0,3.608224830031759e-16
cb_rnn,5,16,0,5.2122916397384e-10,5.907793050278319e-10,0.0,0.6770726714618951,0.0,6.661338147750939e-16
cb_rnn,5,30,21,5.733212988175817e-10,5.507786042486375e-10,0.0,0.5877190241872132,0.0,3.885780586188048e-16
cb_rnn,6,7,2,6.911945140367666e-10,5.36013942566611e-10,0.0,0.30626621760658923,0.0,2.7755575615628914e-16
cb_rnn,6,16,2,5.75376787942573e-10,6.330034868274519e-10,0.0,0.3920069349265282,0.0,2.7755575615628914e-16
cb_rnn,6,30,26,6.366796643811315e-10,6.090795064967706e-10,0.0,0.5117019334722359,0.0,4.440892098500626e-16
cb_rnn,7,7,4,5.423883839991035e-10,3.6802111027505107e-10,0.0,0.33791564794129747,0.0,3.885780586188048e-16
cb_rnn,7,16,9,5.957770579543739e-10,7.205067671122893e-10,0.0,0.4522779574250972,0.0,2.7755575615628914e-16
cb_rnn,7,30,1,6.468264931844021e-10,6.066358449498996e-10,0.0,0.41835187104037863,0.0,2.220446049250313e-16
cb_rnn,8,7,2,6.543863063391203e-10,6.399965505645216e-10,0.0,0.5734907735981504,0.0,6.661338147750939e-16
cb_rnn,8,16,7,7.618673782708065e-10,7.893444492080295e-10,0.0,0.625080929470233,0.0,5.551115123125783e-16
cb_rnn,8,30,14,8.791268475703932e-10,6.547841992627076e-10,0.0,0.4965670250119652,0.0,2.7755575615628914e-16
