seed,N,t_rel,n_states,max_abs_diff_cb_forward,max_abs_diff_h_next,max_abs_diff_post,max_abs_J_full_minus_J_det,mean_fro_J_full_minus_J_det,max_rel_err_jacrev_vs_jvp_full,max_rel_err_jacrev_vs_jvp_det,max_rel_err_jacrev_vs_fd_full,max_rel_err_jacrev_vs_fd_det,max_abs_err_qcb_identity,mean_q_cb
1,5,1,32,0.0,0.0,0.0,0.2649016753495206,1.4869682531049893,3.7512921799661805e-16,2.8515068609310073e-16,2.2272847358884477e-09,2.771610215554426e-09,5.551115123125783e-16,0.5672203506855324
1,16,4,32,0.0,0.0,0.0,0.5965641698455217,2.641065387575031,3.3940865204032126e-16,2.6296403106550826e-16,4.3092301454645245e-09,3.5180704599331986e-09,3.885780586188048e-16,0.08387075177390266
1,30,25,32,0.0,0.0,0.0,0.4788656303130487,1.744486595807701,3.808853602041429e-16,3.303662013913314e-16,3.615565990971096e-09,3.427132816110209e-09,3.608224830031759e-16,0.016801711561083087
2,5,1,32,0.0,0.0,0.0,0.24314948615402587,1.4584821302272597,3.584869183283788e-16,2.39658461847854e-16,1.7787523759153957e-09,1.980620251194394e-09,4.440892098500626e-16,0.5654265122758857
2,16,11,32,0.0,0.0,0.0,0.368545959006999,1.9460419450775701,3.6277666495105553e-16,2.7715490935661627e-16,4.173784281209742e-09,3.5851417934706027e-09,2.636779683484747e-16,0.11761636914974546
2,30,5,32,0.0,0.0,0.0,0.3190773749746646,1.286168727044045,2.7336685277994595e-16,2.1328549266244607e-16,3.035196654529533e-09,2.6217043158289488e-09,4.375839968151496e-16,0.0018383655068192925
3,5,2,32,0.0,0.0,0.0,0.26792676135526655,1.4435678560116671,3.5075355540167716e-16,2.3666529908259856e-16,2.0582080036470756e-09,2.567663170829284e-09,4.440892098500626e-16,0.3662735766211131
3,16,3,32,0.0,0.0,0.0,0.5242564937284045,2.1539499069615538,3.26140003418326e-16,2.396688985978992e-16,2.8419584751809506e-09,2.826228918777064e-09,2.7755575615628914e-16,0.13568542922563862
3,30,19,32,0.0,0.0,0.0,0.5840172067672643,1.306331089231393,3.5205071293386545e-16,2.084440674876384e-16,4.0294679981884955e-09,3.4692668933405933e-09,3.365363543395006e-16,0.00577666836460591
4,5,1,32,0.0,0.0,0.0,0.2660471359770336,1.6036570615702765,3.512892848774831e-16,2.372141316149577e-16,1.8799576888372252e-09,2.8741884826903717e-09,4.440892098500626e-16,0.4960543723597842
4,16,4,32,0.0,0.0,0.0,0.7886185839856931,2.866435670797751,3.330079585390983e-16,1.7926744854646897e-16,4.158324825544133e-09,4.383794737242761e-09,6.661338147750939e-16,0.13836801561715065
4,30,11,32,0.0,0.0,0.0,0.6085768079598788,1.8342879149785254,3.3533966023507193e-16,1.826873858250915e-16,2.84951351138641e-09,2.370733936577671e-09,4.0896105946153227e-16,-9.445336393952149e-05
5,5,0,32,0.0,0.0,0.0,0.24434656896654033,1.6535843786787572,3.8657301236545483e-16,2.462534657833281e-16,3.214183132761433e-09,2.384773782322443e-09,4.996003610813204e-16,0.4741066151693984
5,16,11,32,0.0,0.0,0.0,0.7151393606005971,2.310778856110368,3.7651540501716906e-16,2.8577493322283532e-16,3.200244618374761e-09,2.494693969996837e-09,3.3306690738754696e-16,0.12082758464964416
5,30,19,32,0.0,0.0,0.0,0.508887103103078,1.8371585179627505,3.34563216003697e-16,2.213465863186257e-16,2.8939509030883903e-09,3.151305174950593e-09,5.0133508455729725e-16,0.0026406669096658
6,5,1,32,0.0,0.0,0.0,0.22818320047287077,1.5215485335371288,3.13443445333291e-16,2.1464975648467714e-16,2.0890838525222552e-09,2.199288246128796e-09,5.551115123125783e-16,0.45943501773149
6,16,8,32,0.0,0.0,0.0,0.3511588928156388,2.1405383745907205,3.7941505482161933e-16,3.000096489927991e-16,4.28055222310644e-09,4.461205664123927e-09,6.106226635438361e-16,0.1100992929373639
6,30,19,32,0.0,0.0,0.0,0.4558557974568175,1.6906548628259854,6.047739360336399e-16,3.193576823857684e-16,3.2483597501916653e-09,3.397662679845841e-09,4.597017211338539e-16,0.006385055475318596
7,5,1,32,0.0,0.0,0.0,0.3285840355617159,1.5628901452583877,4.035393767936282e-16,2.7371101462781634e-16,2.0627904234050603e-09,2.1857241136373204e-09,3.3306690738754696e-16,0.5480497920481566
7,16,13,32,0.0,0.0,0.0,0.4362092834875148,2.2625565719754954,3.4825403134510404e-16,1.9924153652617168e-16,2.590373183558044e-09,2.5122073800652946e-09,4.440892098500626e-16,0.18278541495619402
7,30,23,32,0.0,0.0,0.0,0.42613504392450263,1.5145510395395767,3.663603837734838e-16,3.717572679563848e-16,3.3105485828460255e-09,3.7234957211718177e-09,5.798313218452478e-16,0.00039547948557839055
8,5,2,32,0.0,0.0,0.0,0.28404304011664677,1.6108913914622989,4.317868197788745e-16,2.3654755766875994e-16,2.0467079262065852e-09,2.4527497538796315e-09,5.551115123125783e-16,0.4620509416172122
8,16,10,32,0.0,0.0,0.0,0.6483441819711501,2.802084571666658,4.434437232598977e-16,2.275540150477065e-16,3.684981879405751e-09,3.4300852981156183e-09,3.885780586188048e-16,0.15595500327914621
8,30,4,32,0.0,0.0,0.0,0.4828063214963913,1.6683536935847796,2.7560095415579755e-16,3.016488097451164e-16,3.814600030195769e-09,4.02900130614616e-09,4.2934406030425976e-16,0.0018654618794285058
