arch,seed,N,group_id,group_label,count,magnitude_per_unit,within_rms_per_unit,between_rms_per_unit
cb_rnn,1,2,0,c0_i0_o0,95,0.06031041912534146,0.005663457436745679,0.017177696172461253
cb_rnn,1,2,1,c0_i0_o1,98,0.06569605382829817,0.005727888716655953,0.017177696172461253
cb_rnn,1,2,2,c0_i1_o0,94,0.05704087946881195,0.005310219353172853,0.017177696172461253
cb_rnn,1,2,3,c0_i1_o1,95,0.06385194284520669,0.005338094525071704,0.017177696172461253
cb_rnn,1,2,4,c1_i0_o0,96,0.05819619908979946,0.004784878479046947,0.017177696172461253
cb_rnn,1,2,5,c1_i0_o1,83,0.05993943205492029,0.006161009875854081,0.017177696172461253
cb_rnn,1,2,6,c1_i1_o0,90,0.05594639028908492,0.005237145427141687,0.017177696172461253
cb_rnn,1,2,7,c1_i1_o1,98,0.05799299098261526,0.005648315197440628,0.017177696172461253
cb_rnn,1,3,0,c0_i0_o0,130,0.30803847269085294,0.37901835553758556,0.12173780861901487
cb_rnn,1,3,1,c0_i0_o1,108,0.2662180516212178,0.12486830704974491,0.12173780861901487
cb_rnn,1,3,2,c0_i1_o0,131,0.22531590313718214,0.30005897279318827,0.12173780861901487
cb_rnn,1,3,3,c0_i1_o1,113,0.24125698102970977,0.10489564538570578,0.12173780861901487
cb_rnn,1,3,4,c1_i0_o0,116,0.24548476874485797,0.1082335163085197,0.12173780861901487
cb_rnn,1,3,5,c1_i0_o1,143,0.29166685823573146,0.3676686285789015,0.12173780861901487
cb_rnn,1,3,6,c1_i1_o0,113,0.2097933648412982,0.09981052610941761,0.12173780861901487
cb_rnn,1,3,7,c1_i1_o1,106,0.22439203945425162,0.28070792818810153,0.12173780861901487
cb_rnn,1,4,0,c0_i0_o0,124,0.38299203663352577,0.4965862364122863,0.18192846365837173
cb_rnn,1,4,1,c0_i0_o1,152,0.418002360842153,0.3345917581961583,0.18192846365837173
cb_rnn,1,4,2,c0_i1_o0,147,0.3754364279971387,0.43250052543530215,0.18192846365837173
cb_rnn,1,4,3,c0_i1_o1,124,0.3407448236862694,0.266316892187577,0.18192846365837173
cb_rnn,1,4,4,c1_i0_o0,143,0.4339534419134405,0.3643162821060176,0.18192846365837173
cb_rnn,1,4,5,c1_i0_o1,151,0.3877728699447851,0.5721387401735357,0.18192846365837173
cb_rnn,1,4,6,c1_i1_o0,141,0.36604453591327324,0.3078291032380816,0.18192846365837173
cb_rnn,1,4,7,c1_i1_o1,132,0.3461338423248187,0.38258979840203394,0.18192846365837173
cb_rnn,1,5,0,c0_i0_o0,155,0.5456151693931187,0.516221411320372,0.2092657928299527
cb_rnn,1,5,1,c0_i0_o1,167,0.42489225285664933,0.33657093938569854,0.2092657928299527
cb_rnn,1,5,2,c0_i1_o0,160,0.42530263093758996,0.4186011950859606,0.2092657928299527
cb_rnn,1,5,3,c0_i1_o1,215,0.5255127976169174,0.2810574191943211,0.2092657928299527
cb_rnn,1,5,4,c1_i0_o0,195,0.44715871174250316,0.3846197500862943,0.2092657928299527
cb_rnn,1,5,5,c1_i0_o1,153,0.5734410425711893,0.4070380045866907,0.2092657928299527
cb_rnn,1,5,6,c1_i1_o0,164,0.616151012652353,0.3250896333996909,0.2092657928299527
cb_rnn,1,5,7,c1_i1_o1,154,0.41032637487353946,0.3321683201284043,0.2092657928299527
cb_rnn,1,6,0,c0_i0_o0,141,0.6230557882017883,0.269408529249255,0.20367271460515649
cb_rnn,1,6,1,c0_i0_o1,167,0.39882819847167006,0.28796373289534344,0.20367271460515649
cb_rnn,1,6,2,c0_i1_o0,141,0.4201841020842858,0.3288714998874834,0.20367271460515649
cb_rnn,1,6,3,c0_i1_o1,135,0.5442813260731775,0.29342374396564963,0.20367271460515649
cb_rnn,1,6,4,c1_i0_o0,131,0.44696684799768266,0.31576820034042413,0.20367271460515649
cb_rnn,1,6,5,c1_i0_o1,158,0.5782939939166121,0.33459302407892216,0.20367271460515649
cb_rnn,1,6,6,c1_i1_o0,135,0.6541915280395669,0.29947267703505526,0.20367271460515649
cb_rnn,1,6,7,c1_i1_o1,144,0.4000316216625856,0.3151144651608754,0.20367271460515649
cb_rnn,1,7,0,c0_i0_o0,129,0.515496691516968,0.32627459480789145,0.19028932490404193
cb_rnn,1,7,1,c0_i0_o1,146,0.3113341194921357,0.24338766176406268,0.19028932490404193
cb_rnn,1,7,2,c0_i1_o0,143,0.36677164737458734,0.2972347170750833,0.19028932490404193
cb_rnn,1,7,3,c0_i1_o1,139,0.46443787147186666,0.2765132081033611,0.19028932490404193
cb_rnn,1,7,4,c1_i0_o0,147,0.3555190199934032,0.2406462321846661,0.19028932490404193
cb_rnn,1,7,5,c1_i0_o1,156,0.48782060016348544,0.27856463439341744,0.19028932490404193
cb_rnn,1,7,6,c1_i1_o0,172,0.5625048682064602,0.25946207930907106,0.19028932490404193
cb_rnn,1,7,7,c1_i1_o1,120,0.3577167195929413,0.2979773844000194,0.19028932490404193
cb_rnn,1,8,0,c0_i0_o0,130,0.427362523716964,0.24056893878221097,0.20246663872262102
cb_rnn,1,8,1,c0_i0_o1,131,0.246765138566725,0.19923020725639493,0.20246663872262102
cb_rnn,1,8,2,c0_i1_o0,144,0.3260784039441108,0.25376020414452605,0.20246663872262102
cb_rnn,1,8,3,c0_i1_o1,148,0.4272934040247182,0.2546630528980869,0.20246663872262102
cb_rnn,1,8,4,c1_i0_o0,161,0.27733318272252183,0.20019906709598922,0.20246663872262102
cb_rnn,1,8,5,c1_i0_o1,145,0.4482780193413376,0.2145846585461321,0.20246663872262102
cb_rnn,1,8,6,c1_i1_o0,148,0.4804507545386218,0.2593348199750527,0.20246663872262102
cb_rnn,1,8,7,c1_i1_o1,145,0.31256678592573306,0.2512908226251952,0.20246663872262102
cb_rnn,1,9,0,c0_i0_o0,160,0.42716072469288763,0.22522545635989738,0.2216784880920784
cb_rnn,1,9,1,c0_i0_o1,168,0.23287262363536498,0.20390613186536516,0.2216784880920784
cb_rnn,1,9,2,c0_i1_o0,137,0.38003921901786913,0.2645676472881831,0.2216784880920784
cb_rnn,1,9,3,c0_i1_o1,149,0.43892943511493915,0.30967442935873296,0.2216784880920784
cb_rnn,1,9,4,c1_i0_o0,146,0.2774825995965361,0.2055869260856642,0.2216784880920784
cb_rnn,1,9,5,c1_i0_o1,130,0.43423822126115846,0.23891659791122605,0.2216784880920784
cb_rnn,1,9,6,c1_i1_o0,133,0.4873919339041733,0.3070217168783636,0.2216784880920784
cb_rnn,1,9,7,c1_i1_o1,129,0.3663631568239852,0.26525806115880257,0.2216784880920784
cb_rnn,1,10,0,c0_i0_o0,235,0.40966547784158297,0.21473736092780857,0.2458257859954386
cb_rnn,1,10,1,c0_i0_o1,202,0.20856667634805331,0.19711316426183503,0.2458257859954386
cb_rnn,1,10,2,c0_i1_o0,223,0.4202033265003074,0.2809733420197255,0.2458257859954386
cb_rnn,1,10,3,c0_i1_o1,191,0.426936785084255,0.2840972967339889,0.2458257859954386
cb_rnn,1,10,4,c1_i0_o0,218,0.23140319467003162,0.2018005109332389,0.2458257859954386
cb_rnn,1,10,5,c1_i0_o1,201,0.39593868957201794,0.2116822603250938,0.2458257859954386
cb_rnn,1,10,6,c1_i1_o0,223,0.5066724665431593,0.32263473544426513,0.2458257859954386
cb_rnn,1,10,7,c1_i1_o1,177,0.4109697188934621,0.28659933981898233,0.2458257859954386
cb_rnn,1,11,0,c0_i0_o0,306,0.40802611519963006,0.28531317822949237,0.3008559421295636
cb_rnn,1,11,1,c0_i0_o1,301,0.21207219964204246,0.22485184445846176,0.3008559421295636
cb_rnn,1,11,2,c0_i1_o0,304,0.5216828188929651,0.3015033631486027,0.3008559421295636
cb_rnn,1,11,3,c0_i1_o1,289,0.5402856394315164,0.3325711759113681,0.3008559421295636
cb_rnn,1,11,4,c1_i0_o0,284,0.22208956906163063,0.23469342063968715,0.3008559421295636
cb_rnn,1,11,5,c1_i0_o1,299,0.41276842169271927,0.2524286885841442,0.3008559421295636
cb_rnn,1,11,6,c1_i1_o0,305,0.5728897626568544,0.3504730467915427,0.3008559421295636
cb_rnn,1,11,7,c1_i1_o1,293,0.5227825597531869,0.3092618909790012,0.3008559421295636
cb_rnn,1,12,0,c0_i0_o0,449,0.3371103262553104,0.2455793643567401,0.35269819879712916
cb_rnn,1,12,1,c0_i0_o1,455,0.19587268886010326,0.21191765351024042,0.35269819879712916
cb_rnn,1,12,2,c0_i1_o0,426,0.6686859651548129,0.36292975435602587,0.35269819879712916
cb_rnn,1,12,3,c0_i1_o1,409,0.6180306394183726,0.3458649264120227,0.35269819879712916
cb_rnn,1,12,4,c1_i0_o0,435,0.20137798165209347,0.23219446075859895,0.35269819879712916
cb_rnn,1,12,5,c1_i0_o1,452,0.33471857127173293,0.2401567270819273,0.35269819879712916
cb_rnn,1,12,6,c1_i1_o0,440,0.6782387952156129,0.35734766727977735,0.35269819879712916
cb_rnn,1,12,7,c1_i1_o1,409,0.6368351050699977,0.31421243184239406,0.35269819879712916
cb_rnn,1,13,0,c0_i0_o0,506,0.2921556405795134,0.261378182442458,0.42594433565856715
cb_rnn,1,13,1,c0_i0_o1,493,0.20698324298522344,0.23976011431846728,0.42594433565856715
cb_rnn,1,13,2,c0_i1_o0,496,0.8198382098896552,0.3829320704817698,0.42594433565856715
cb_rnn,1,13,3,c0_i1_o1,509,0.7627082689889283,0.4064197784259793,0.42594433565856715
cb_rnn,1,13,4,c1_i0_o0,493,0.19082052720998863,0.23388889159933374,0.42594433565856715
cb_rnn,1,13,5,c1_i0_o1,528,0.30143702527793437,0.26222033298948416,0.42594433565856715
cb_rnn,1,13,6,c1_i1_o0,467,0.8245693018655357,0.4207917545501061,0.42594433565856715
cb_rnn,1,13,7,c1_i1_o1,502,0.788645030849496,0.3888907644575264,0.42594433565856715
cb_rnn,1,14,0,c0_i0_o0,523,0.2653337129365544,0.295690817211468,0.5073400634952611
cb_rnn,1,14,1,c0_i0_o1,459,0.23264402318901733,0.2629836156771538,0.5073400634952611
cb_rnn,1,14,2,c0_i1_o0,500,0.9656955074184097,0.43047066472693096,0.5073400634952611
cb_rnn,1,14,3,c0_i1_o1,489,0.9385041529572226,0.44292582782775286,0.5073400634952611
cb_rnn,1,14,4,c1_i0_o0,545,0.22414727995027475,0.25627596649719525,0.5073400634952611
cb_rnn,1,14,5,c1_i0_o1,484,0.2585582336518508,0.25539650743459896,0.5073400634952611
cb_rnn,1,14,6,c1_i1_o0,501,0.959355393513898,0.4801366448060162,0.5073400634952611
cb_rnn,1,14,7,c1_i1_o1,493,0.9364366260061554,0.3797991405882811,0.5073400634952611
cb_rnn,1,15,0,c0_i0_o0,502,0.25871611483631696,0.2609114304847957,0.6251548478139047
cb_rnn,1,15,1,c0_i0_o1,561,0.254151087167134,0.286012870256858,0.6251548478139047
cb_rnn,1,15,2,c0_i1_o0,479,1.1880726744991315,0.5321143243935276,0.6251548478139047
cb_rnn,1,15,3,c0_i1_o1,493,1.1491038918744363,0.4959833669628658,0.6251548478139047
cb_rnn,1,15,4,c1_i0_o0,529,0.25345622669549434,0.27057631640239466,0.6251548478139047
cb_rnn,1,15,5,c1_i0_o1,531,0.2583433001945213,0.2683922963157782,0.6251548478139047
cb_rnn,1,15,6,c1_i1_o0,538,1.1792163676251792,0.5550835353802287,0.6251548478139047
cb_rnn,1,15,7,c1_i1_o1,533,1.1866990672394435,0.4682892220219702,0.6251548478139047
cb_rnn,2,2,0,c0_i0_o0,95,0.09055941265791491,0.008180054954616852,0.06359416172155581
cb_rnn,2,2,1,c0_i0_o1,98,0.12678449452934953,0.009404848670052384,0.06359416172155581
cb_rnn,2,2,2,c0_i1_o0,94,0.09375221835842426,0.008458707966487062,0.06359416172155581
cb_rnn,2,2,3,c0_i1_o1,95,0.12281207125897722,0.008262310001585838,0.06359416172155581
cb_rnn,2,2,4,c1_i0_o0,96,0.10413123352459631,0.008189492598371784,0.06359416172155581
cb_rnn,2,2,5,c1_i0_o1,83,0.08377818666432933,0.008810304902849743,0.06359416172155581
cb_rnn,2,2,6,c1_i1_o0,90,0.10118080367910381,0.009007827078589117,0.06359416172155581
cb_rnn,2,2,7,c1_i1_o1,98,0.08925709727184288,0.008308582494647387,0.06359416172155581
cb_rnn,2,3,0,c0_i0_o0,130,0.32172794954792844,0.41219762364659046,0.11828741408004931
cb_rnn,2,3,1,c0_i0_o1,108,0.3648121187527209,0.13194934695634009,0.11828741408004931
cb_rnn,2,3,2,c0_i1_o0,131,0.35034968219913826,0.44918406608238787,0.11828741408004931
cb_rnn,2,3,3,c0_i1_o1,113,0.31903574220028336,0.1301009010695551,0.11828741408004931
cb_rnn,2,3,4,c1_i0_o0,116,0.3249101571613555,0.14339250243202273,0.11828741408004931
cb_rnn,2,3,5,c1_i0_o1,143,0.3161873713946593,0.3823109219547928,0.11828741408004931
cb_rnn,2,3,6,c1_i1_o0,113,0.3272588501367176,0.1442446302568035,0.11828741408004931
cb_rnn,2,3,7,c1_i1_o1,106,0.33794100758395756,0.4189097240363793,0.11828741408004931
cb_rnn,2,4,0,c0_i0_o0,124,0.7670256444481549,0.5176988992770508,0.18445932281021485
cb_rnn,2,4,1,c0_i0_o1,152,0.5527787243182984,0.490585796052477,0.18445932281021485
cb_rnn,2,4,2,c0_i1_o0,147,0.631963310004627,0.6855319062824771,0.18445932281021485
cb_rnn,2,4,3,c0_i1_o1,124,0.5747426395304372,0.49756402324542676,0.18445932281021485
cb_rnn,2,4,4,c1_i0_o0,143,0.6242737857623143,0.5158054223205504,0.18445932281021485
cb_rnn,2,4,5,c1_i0_o1,151,0.6091760833459813,0.5643312573530026,0.18445932281021485
cb_rnn,2,4,6,c1_i1_o0,141,0.6764252779593984,0.5655251851074485,0.18445932281021485
cb_rnn,2,4,7,c1_i1_o1,132,0.6293450815253633,0.6123700909409262,0.18445932281021485
cb_rnn,2,5,0,c0_i0_o0,155,0.7183493170289676,0.6052165658297872,0.23269830405148104
cb_rnn,2,5,1,c0_i0_o1,167,0.6372472316123208,0.520615164238461,0.23269830405148104
cb_rnn,2,5,2,c0_i1_o0,160,0.6615380936843666,0.7370599904154396,0.23269830405148104
cb_rnn,2,5,3,c0_i1_o1,215,0.6137485256599221,0.5434789416727895,0.23269830405148104
cb_rnn,2,5,4,c1_i0_o0,195,0.6705115388086383,0.569369891850895,0.23269830405148104
cb_rnn,2,5,5,c1_i0_o1,153,0.7024190196090755,0.5090861323263131,0.23269830405148104
cb_rnn,2,5,6,c1_i1_o0,164,0.7561831194465344,0.6142221806567841,0.23269830405148104
cb_rnn,2,5,7,c1_i1_o1,154,0.5942918516934808,0.6064489203920983,0.23269830405148104
cb_rnn,2,6,0,c0_i0_o0,141,0.7001319251782817,0.4776871708609874,0.25518568867212554
cb_rnn,2,6,1,c0_i0_o1,167,0.5977378744210516,0.4820677490087129,0.25518568867212554
cb_rnn,2,6,2,c0_i1_o0,141,0.5858530595293066,0.6107854172510039,0.25518568867212554
cb_rnn,2,6,3,c0_i1_o1,135,0.594676037002512,0.5558713621781788,0.25518568867212554
cb_rnn,2,6,4,c1_i0_o0,131,0.6504858673040647,0.5187948369422288,0.25518568867212554
cb_rnn,2,6,5,c1_i0_o1,158,0.6393733306892152,0.4810812149523466,0.25518568867212554
cb_rnn,2,6,6,c1_i1_o0,135,0.7108356766329385,0.5681366502828059,0.25518568867212554
cb_rnn,2,6,7,c1_i1_o1,144,0.562020737067488,0.5999177741230443,0.25518568867212554
cb_rnn,2,7,0,c0_i0_o0,129,0.5475395227666029,0.4086992741609822,0.2259245171718776
cb_rnn,2,7,1,c0_i0_o1,146,0.4509394598068397,0.3683131535287232,0.2259245171718776
cb_rnn,2,7,2,c0_i1_o0,143,0.48470920157929714,0.46270639214535814,0.2259245171718776
cb_rnn,2,7,3,c0_i1_o1,139,0.4677325024683299,0.43603922318092453,0.2259245171718776
cb_rnn,2,7,4,c1_i0_o0,147,0.508200398487423,0.3414282029297667,0.2259245171718776
cb_rnn,2,7,5,c1_i0_o1,156,0.539301098455209,0.37617880153090466,0.2259245171718776
cb_rnn,2,7,6,c1_i1_o0,172,0.5714257998292352,0.41372838285301716,0.2259245171718776
cb_rnn,2,7,7,c1_i1_o1,120,0.4635530515320978,0.46681396244002155,0.2259245171718776
cb_rnn,2,8,0,c0_i0_o0,130,0.5049142389783932,0.3231667837957597,0.23011344936717174
cb_rnn,2,8,1,c0_i0_o1,131,0.393501080099443,0.29989667328937003,0.23011344936717174
cb_rnn,2,8,2,c0_i1_o0,144,0.43851162228543317,0.3855609184928752,0.23011344936717174
cb_rnn,2,8,3,c0_i1_o1,148,0.39338900463581983,0.36558761314959126,0.23011344936717174
cb_rnn,2,8,4,c1_i0_o0,161,0.43209787498306745,0.28812688190236335,0.23011344936717174
cb_rnn,2,8,5,c1_i0_o1,145,0.5177669564663521,0.3162284621687511,0.23011344936717174
cb_rnn,2,8,6,c1_i1_o0,148,0.5093535909183805,0.35591494031069193,0.23011344936717174
cb_rnn,2,8,7,c1_i1_o1,145,0.38874850349076395,0.378567281709227,0.23011344936717174
cb_rnn,2,9,0,c0_i0_o0,160,0.5023377436376428,0.32112854866203977,0.2265879846095431
cb_rnn,2,9,1,c0_i0_o1,168,0.3493603047839113,0.3198978678514072,0.2265879846095431
cb_rnn,2,9,2,c0_i1_o0,137,0.3710523696898873,0.3650857291232112,0.2265879846095431
cb_rnn,2,9,3,c0_i1_o1,149,0.4474901453470842,0.4443380319627915,0.2265879846095431
cb_rnn,2,9,4,c1_i0_o0,146,0.3809403539414277,0.3020631245877231,0.2265879846095431
cb_rnn,2,9,5,c1_i0_o1,130,0.5135256207205897,0.3371257339792148,0.2265879846095431
cb_rnn,2,9,6,c1_i1_o0,133,0.49268554814019383,0.40682628868382803,0.2265879846095431
cb_rnn,2,9,7,c1_i1_o1,129,0.37179623526792016,0.33830673064992617,0.2265879846095431
cb_rnn,2,10,0,c0_i0_o0,235,0.41383462946101646,0.28615025055947446,0.20117761503073572
cb_rnn,2,10,1,c0_i0_o1,202,0.2872510547194819,0.28956054245778057,0.20117761503073572
cb_rnn,2,10,2,c0_i1_o0,223,0.37658380280269627,0.36845773118654584,0.20117761503073572
cb_rnn,2,10,3,c0_i1_o1,191,0.4051207702793301,0.36362900284716465,0.20117761503073572
cb_rnn,2,10,4,c1_i0_o0,218,0.3103308836046433,0.2841364547989057,0.20117761503073572
cb_rnn,2,10,5,c1_i0_o1,201,0.40820203090617246,0.2615857740883818,0.20117761503073572
cb_rnn,2,10,6,c1_i1_o0,223,0.4672979228318845,0.36790053512570137,0.20117761503073572
cb_rnn,2,10,7,c1_i1_o1,177,0.37736673310441876,0.3654001564510065,0.20117761503073572
cb_rnn,2,11,0,c0_i0_o0,306,0.39275138090375084,0.3367038565005813,0.21887894428897314
cb_rnn,2,11,1,c0_i0_o1,301,0.25395391690655866,0.3291291016301899,0.21887894428897314
cb_rnn,2,11,2,c0_i1_o0,304,0.40652822860636034,0.430318342740742,0.21887894428897314
cb_rnn,2,11,3,c0_i1_o1,289,0.4602839842529801,0.38772057752274086,0.21887894428897314
cb_rnn,2,11,4,c1_i0_o0,284,0.278543587613188,0.3335431733604563,0.21887894428897314
cb_rnn,2,11,5,c1_i0_o1,299,0.39650444410090524,0.3041344034800287,0.21887894428897314
cb_rnn,2,11,6,c1_i1_o0,305,0.5338882362672551,0.42516013550079396,0.21887894428897314
cb_rnn,2,11,7,c1_i1_o1,293,0.43543619984278154,0.42505390338011223,0.21887894428897314
cb_rnn,2,12,0,c0_i0_o0,449,0.40487129838615826,0.325325521048478,0.2601865983233721
cb_rnn,2,12,1,c0_i0_o1,455,0.2418574496301282,0.31573860685468474,0.2601865983233721
cb_rnn,2,12,2,c0_i1_o0,426,0.5107931991558343,0.497493860601741,0.2601865983233721
cb_rnn,2,12,3,c0_i1_o1,409,0.5891172126432878,0.4581712685360571,0.2601865983233721
cb_rnn,2,12,4,c1_i0_o0,435,0.2911465817625442,0.3823666505681547,0.2601865983233721
cb_rnn,2,12,5,c1_i0_o1,452,0.440238884183407,0.3209254644695219,0.2601865983233721
cb_rnn,2,12,6,c1_i1_o0,440,0.6387669168232027,0.46765074392266776,0.2601865983233721
cb_rnn,2,12,7,c1_i1_o1,409,0.5203495944948461,0.473471250343189,0.2601865983233721
cb_rnn,2,13,0,c0_i0_o0,506,0.46236023162507656,0.33189692507790913,0.3368188330496386
cb_rnn,2,13,1,c0_i0_o1,493,0.2662605528757444,0.32060080978844785,0.3368188330496386
cb_rnn,2,13,2,c0_i1_o0,496,0.647871012112363,0.5434441286414964,0.3368188330496386
cb_rnn,2,13,3,c0_i1_o1,509,0.7753716225124647,0.4831114223727741,0.3368188330496386
cb_rnn,2,13,4,c1_i0_o0,493,0.28395505855774344,0.35821124082403527,0.3368188330496386
cb_rnn,2,13,5,c1_i0_o1,528,0.48831662835782885,0.3491288074917467,0.3368188330496386
cb_rnn,2,13,6,c1_i1_o0,467,0.8392405103328159,0.5576704386707106,0.3368188330496386
cb_rnn,2,13,7,c1_i1_o1,502,0.7125249293671134,0.5459426805198052,0.3368188330496386
cb_rnn,2,14,0,c0_i0_o0,523,0.48387948049241597,0.3306659014161835,0.365718135291397
cb_rnn,2,14,1,c0_i0_o1,459,0.24825444413827374,0.28782399670318803,0.365718135291397
cb_rnn,2,14,2,c0_i1_o0,500,0.709625999917867,0.5710137122123407,0.365718135291397
cb_rnn,2,14,3,c0_i1_o1,489,0.8250507337026917,0.5154145019117652,0.365718135291397
cb_rnn,2,14,4,c1_i0_o0,545,0.2807775241115139,0.33775771760535156,0.365718135291397
cb_rnn,2,14,5,c1_i0_o1,484,0.4997485695897994,0.31694683557693004,0.365718135291397
cb_rnn,2,14,6,c1_i1_o0,501,0.8885244315900793,0.5887232757987478,0.365718135291397
cb_rnn,2,14,7,c1_i1_o1,493,0.7781216922041595,0.5286169946646382,0.365718135291397
cb_rnn,2,15,0,c0_i0_o0,502,0.5772434849346729,0.3484249909812711,0.44658315152870526
cb_rnn,2,15,1,c0_i0_o1,561,0.2994838349790477,0.2957856349188824,0.44658315152870526
cb_rnn,2,15,2,c0_i1_o0,479,0.8559264283145438,0.6404083439582752,0.44658315152870526
cb_rnn,2,15,3,c0_i1_o1,493,1.045744943076705,0.5894749446175734,0.44658315152870526
cb_rnn,2,15,4,c1_i0_o0,529,0.3229793763587676,0.3449411330835169,0.44658315152870526
cb_rnn,2,15,5,c1_i0_o1,531,0.6110492111153665,0.3582029558820572,0.44658315152870526
cb_rnn,2,15,6,c1_i1_o0,538,1.0805024393584939,0.6689398796430233,0.44658315152870526
cb_rnn,2,15,7,c1_i1_o1,533,0.9411773962799309,0.603654121210885,0.44658315152870526
cb_rnn,3,2,0,c0_i0_o0,95,0.0637850536557787,0.006591381506381233,0.05008459800869353
cb_rnn,3,2,1,c0_i0_o1,98,0.11050649230969592,0.0074497090566216315,0.05008459800869353
cb_rnn,3,2,2,c0_i1_o0,94,0.05955121375410625,0.006364740040704572,0.05008459800869353
cb_rnn,3,2,3,c0_i1_o1,95,0.0963932960735054,0.006941114567314164,0.05008459800869353
cb_rnn,3,2,4,c1_i0_o0,96,0.08891863582389749,0.0062080266625408635,0.05008459800869353
cb_rnn,3,2,5,c1_i0_o1,83,0.0689881638204196,0.006541531652358903,0.05008459800869353
cb_rnn,3,2,6,c1_i1_o0,90,0.07487206528773044,0.006322716638958719,0.05008459800869353
cb_rnn,3,2,7,c1_i1_o1,98,0.06557725671770764,0.005729677682446966,0.05008459800869353
cb_rnn,3,3,0,c0_i0_o0,130,0.3650953294069591,0.37334202944086753,0.14638943798711246
cb_rnn,3,3,1,c0_i0_o1,108,0.48531680095179386,0.10459606125917545,0.14638943798711246
cb_rnn,3,3,2,c0_i1_o0,131,0.2868048195701624,0.44960168752531404,0.14638943798711246
cb_rnn,3,3,3,c0_i1_o1,113,0.32978087113198773,0.10807084614003662,0.14638943798711246
cb_rnn,3,3,4,c1_i0_o0,116,0.4481153380093203,0.10201786872488969,0.14638943798711246
cb_rnn,3,3,5,c1_i0_o1,143,0.402712604102946,0.3647538424105494,0.14638943798711246
cb_rnn,3,3,6,c1_i1_o0,113,0.34743480795784665,0.10952262671922047,0.14638943798711246
cb_rnn,3,3,7,c1_i1_o1,106,0.31183412847934366,0.4420445345644385,0.14638943798711246
cb_rnn,3,4,0,c0_i0_o0,124,0.6584047598115405,0.33209094816125334,0.20182670556639734
cb_rnn,3,4,1,c0_i0_o1,152,0.6029742605250776,0.28522822965755096,0.20182670556639734
cb_rnn,3,4,2,c0_i1_o0,147,0.44238211532258265,0.48753454284689235,0.20182670556639734
cb_rnn,3,4,3,c0_i1_o1,124,0.39432607608927006,0.3305096168839395,0.20182670556639734
cb_rnn,3,4,4,c1_i0_o0,143,0.6390733736784061,0.32730858436860016,0.20182670556639734
cb_rnn,3,4,5,c1_i0_o1,151,0.5739667539094853,0.38398384312761497,0.20182670556639734
cb_rnn,3,4,6,c1_i1_o0,141,0.475780586514279,0.39150304314839973,0.20182670556639734
cb_rnn,3,4,7,c1_i1_o1,132,0.44344038867996616,0.45392312043143457,0.20182670556639734
cb_rnn,3,5,0,c0_i0_o0,155,0.7179353193406866,0.35167252709541397,0.2447023955060207
cb_rnn,3,5,1,c0_i0_o1,167,0.6280997945375462,0.3227927704105632,0.2447023955060207
cb_rnn,3,5,2,c0_i1_o0,160,0.45893203937759425,0.4763440680390539,0.2447023955060207
cb_rnn,3,5,3,c0_i1_o1,215,0.4647532774493796,0.379257580393283,0.2447023955060207
cb_rnn,3,5,4,c1_i0_o0,195,0.6437767890799253,0.3822817327621943,0.2447023955060207
cb_rnn,3,5,5,c1_i0_o1,153,0.7170977125980468,0.29894258499020476,0.2447023955060207
cb_rnn,3,5,6,c1_i1_o0,164,0.5740055452248715,0.4356195530767923,0.2447023955060207
cb_rnn,3,5,7,c1_i1_o1,154,0.4210511987359547,0.40081363912384005,0.2447023955060207
cb_rnn,3,6,0,c0_i0_o0,141,0.6552858853680057,0.24918358076020566,0.21320782382907544
cb_rnn,3,6,1,c0_i0_o1,167,0.5601396108012388,0.30515526447451025,0.21320782382907544
cb_rnn,3,6,2,c0_i1_o0,141,0.3972459962227668,0.3731304529580402,0.21320782382907544
cb_rnn,3,6,3,c0_i1_o1,135,0.43054352638073196,0.3540677631857386,0.21320782382907544
cb_rnn,3,6,4,c1_i0_o0,131,0.5887967506340226,0.335957602038716,0.21320782382907544
cb_rnn,3,6,5,c1_i0_o1,158,0.6440594918137152,0.2629545526944895,0.21320782382907544
cb_rnn,3,6,6,c1_i1_o0,135,0.5173834644495086,0.38419162519600797,0.21320782382907544
cb_rnn,3,6,7,c1_i1_o1,144,0.3611126463054021,0.35526305554678334,0.21320782382907544
cb_rnn,3,7,0,c0_i0_o0,129,0.5917424970767725,0.307910397195698,0.2428625665204691
cb_rnn,3,7,1,c0_i0_o1,146,0.528743641720315,0.2822482690526077,0.2428625665204691
cb_rnn,3,7,2,c0_i1_o0,143,0.34278713284112766,0.36425193562138874,0.2428625665204691
cb_rnn,3,7,3,c0_i1_o1,139,0.30656456031261986,0.3380854246627699,0.2428625665204691
cb_rnn,3,7,4,c1_i0_o0,147,0.5580393018084749,0.29302187328307966,0.2428625665204691
cb_rnn,3,7,5,c1_i0_o1,156,0.5768071190329452,0.2704483121759736,0.2428625665204691
cb_rnn,3,7,6,c1_i1_o0,172,0.3961360056862644,0.3198133252190426,0.2428625665204691
cb_rnn,3,7,7,c1_i1_o1,120,0.29149365988313547,0.3439207111019663,0.2428625665204691
cb_rnn,3,8,0,c0_i0_o0,130,0.6550522108803126,0.27520814204680855,0.27741816457452073
cb_rnn,3,8,1,c0_i0_o1,131,0.5686338188554387,0.25907659931322635,0.27741816457452073
cb_rnn,3,8,2,c0_i1_o0,144,0.3271619554583865,0.3116258660306962,0.27741816457452073
cb_rnn,3,8,3,c0_i1_o1,148,0.30017589395379746,0.3021073780705953,0.27741816457452073
cb_rnn,3,8,4,c1_i0_o0,161,0.6012017053984946,0.2556620057471407,0.27741816457452073
cb_rnn,3,8,5,c1_i0_o1,145,0.6498380763055019,0.24744504921348,0.27741816457452073
cb_rnn,3,8,6,c1_i1_o0,148,0.3515045092153024,0.28482709597497774,0.27741816457452073
cb_rnn,3,8,7,c1_i1_o1,145,0.28227932889622503,0.30076907122015717,0.27741816457452073
cb_rnn,3,9,0,c0_i0_o0,160,0.6660908123278496,0.2698238005253006,0.2744482726219591
cb_rnn,3,9,1,c0_i0_o1,168,0.5457121377692914,0.24248902783834927,0.2744482726219591
cb_rnn,3,9,2,c0_i1_o0,137,0.2502127380850361,0.26488005675156306,0.2744482726219591
cb_rnn,3,9,3,c0_i1_o1,149,0.26871477482555217,0.29345221814868244,0.2744482726219591
cb_rnn,3,9,4,c1_i0_o0,146,0.5863711825301168,0.2428925417784005,0.2744482726219591
cb_rnn,3,9,5,c1_i0_o1,130,0.6561435925261332,0.2650835476792475,0.2744482726219591
cb_rnn,3,9,6,c1_i1_o0,133,0.3137933713001443,0.2777114394161799,0.2744482726219591
cb_rnn,3,9,7,c1_i1_o1,129,0.22612911168499567,0.24466085050795916,0.2744482726219591
cb_rnn,3,10,0,c0_i0_o0,235,0.6241515368593655,0.25446655038053195,0.25997412425673405
cb_rnn,3,10,1,c0_i0_o1,202,0.5142327269787654,0.22138923027638585,0.25997412425673405
cb_rnn,3,10,2,c0_i1_o0,223,0.21650095947932024,0.2330510043404257,0.25997412425673405
cb_rnn,3,10,3,c0_i1_o1,191,0.24038176206322243,0.2293714517037587,0.25997412425673405
cb_rnn,3,10,4,c1_i0_o0,218,0.5412208288039739,0.2218681853382057,0.25997412425673405
cb_rnn,3,10,5,c1_i0_o1,201,0.6252241548174139,0.2369175987472866,0.25997412425673405
cb_rnn,3,10,6,c1_i1_o0,223,0.28252761244962776,0.258820658514317,0.25997412425673405
cb_rnn,3,10,7,c1_i1_o1,177,0.1914329336302037,0.22117516845292678,0.25997412425673405
cb_rnn,3,11,0,c0_i0_o0,306,0.7102072304872438,0.34180894065154943,0.30191938703072774
cb_rnn,3,11,1,c0_i0_o1,301,0.6289942044917217,0.31013660376797847,0.30191938703072774
cb_rnn,3,11,2,c0_i1_o0,304,0.23262463871669284,0.25300625268997595,0.30191938703072774
cb_rnn,3,11,3,c0_i1_o1,289,0.23072321316797714,0.2606703791035308,0.30191938703072774
cb_rnn,3,11,4,c1_i0_o0,284,0.641543997384683,0.3170521718065097,0.30191938703072774
cb_rnn,3,11,5,c1_i0_o1,299,0.7147935091396179,0.3028151436885284,0.30191938703072774
cb_rnn,3,11,6,c1_i1_o0,305,0.26471909106751784,0.2711671134638482,0.30191938703072774
cb_rnn,3,11,7,c1_i1_o1,293,0.20907629929653096,0.24591115619328338,0.30191938703072774
cb_rnn,3,12,0,c0_i0_o0,449,0.8713639829374213,0.4033982341985602,0.3756888274426379
cb_rnn,3,12,1,c0_i0_o1,455,0.7788083055285321,0.3938451293870711,0.3756888274426379
cb_rnn,3,12,2,c0_i1_o0,426,0.2673859954029775,0.30662581964589164,0.3756888274426379
cb_rnn,3,12,3,c0_i1_o1,409,0.2548328093101549,0.3113325155403786,0.3756888274426379
cb_rnn,3,12,4,c1_i0_o0,435,0.82449366683234,0.4337744851958848,0.3756888274426379
cb_rnn,3,12,5,c1_i0_o1,452,0.8709945714877897,0.38096101129919235,0.3756888274426379
cb_rnn,3,12,6,c1_i1_o0,440,0.2851436167582657,0.29837272157343714,0.3756888274426379
cb_rnn,3,12,7,c1_i1_o1,409,0.24606798240811034,0.27087184813371645,0.3756888274426379
cb_rnn,3,13,0,c0_i0_o0,506,1.002992807506523,0.5109559032774476,0.4336199307952127
cb_rnn,3,13,1,c0_i0_o1,493,0.9194788327441332,0.5031719742488913,0.4336199307952127
cb_rnn,3,13,2,c0_i1_o0,496,0.3302514002955392,0.3449631388033409,0.4336199307952127
cb_rnn,3,13,3,c0_i1_o1,509,0.27849934004118926,0.30518676065691763,0.4336199307952127
cb_rnn,3,13,4,c1_i0_o0,493,0.9438233039198759,0.5152250353232294,0.4336199307952127
cb_rnn,3,13,5,c1_i0_o1,528,1.0043001900633264,0.5057631091838252,0.4336199307952127
cb_rnn,3,13,6,c1_i1_o0,467,0.29653882509354745,0.3441020492869068,0.4336199307952127
cb_rnn,3,13,7,c1_i1_o1,502,0.33173081147919337,0.33514308236238727,0.4336199307952127
cb_rnn,3,14,0,c0_i0_o0,523,1.1606766029562046,0.609792700467312,0.5132469106596
cb_rnn,3,14,1,c0_i0_o1,459,1.076420919421318,0.5993256289142614,0.5132469106596
cb_rnn,3,14,2,c0_i1_o0,500,0.34497341619224425,0.3830955465543492,0.5132469106596
cb_rnn,3,14,3,c0_i1_o1,489,0.2939969708043245,0.32095080200326187,0.5132469106596
cb_rnn,3,14,4,c1_i0_o0,545,1.0700958304903867,0.6332772762823745,0.5132469106596
cb_rnn,3,14,5,c1_i0_o1,484,1.1637237009514063,0.5468041769777464,0.5132469106596
cb_rnn,3,14,6,c1_i1_o0,501,0.310089735681738,0.3603950312240076,0.5132469106596
cb_rnn,3,14,7,c1_i1_o1,493,0.33279856564010546,0.3138308935769118,0.5132469106596
cb_rnn,3,15,0,c0_i0_o0,502,1.3822877422508288,0.6715655142416431,0.6192704035791997
cb_rnn,3,15,1,c0_i0_o1,561,1.3129057945601252,0.6806643032905728,0.6192704035791997
cb_rnn,3,15,2,c0_i1_o0,479,0.36533813998508463,0.42028195652220784,0.6192704035791997
cb_rnn,3,15,3,c0_i1_o1,493,0.36543959815267474,0.34005132116870335,0.6192704035791997
cb_rnn,3,15,4,c1_i0_o0,529,1.301694558244723,0.7145855481234861,0.6192704035791997
cb_rnn,3,15,5,c1_i0_o1,531,1.4056713590347272,0.6645520223789373,0.6192704035791997
cb_rnn,3,15,6,c1_i1_o0,538,0.38036132754819785,0.4039511961186591,0.6192704035791997
cb_rnn,3,15,7,c1_i1_o1,533,0.34338871952287975,0.35392323226188604,0.6192704035791997
cb_rnn,4,2,0,c0_i0_o0,95,0.05022940829379605,0.003799753976652563,0.027664172009115265
cb_rnn,4,2,1,c0_i0_o1,98,0.07067429994979518,0.0036086544120830766,0.027664172009115265
cb_rnn,4,2,2,c0_i1_o0,94,0.05389603164881469,0.0038617432425987167,0.027664172009115265
cb_rnn,4,2,3,c0_i1_o1,95,0.06815709530940198,0.00310535420864005,0.027664172009115265
cb_rnn,4,2,4,c1_i0_o0,96,0.06356286340086513,0.003252271242863971,0.027664172009115265
cb_rnn,4,2,5,c1_i0_o1,83,0.047621564858249435,0.0038981717719110964,0.027664172009115265
cb_rnn,4,2,6,c1_i1_o0,90,0.06073575512063631,0.003553642185710732,0.027664172009115265
cb_rnn,4,2,7,c1_i1_o1,98,0.050691912376636845,0.004248642851933115,0.027664172009115265
cb_rnn,4,3,0,c0_i0_o0,130,0.25501388121606855,0.343506435050409,0.12639530600218965
cb_rnn,4,3,1,c0_i0_o1,108,0.2696401787489925,0.10219912688542526,0.12639530600218965
cb_rnn,4,3,2,c0_i1_o0,131,0.22706070188244706,0.31944878341363814,0.12639530600218965
cb_rnn,4,3,3,c0_i1_o1,113,0.2315681657590221,0.10111873950202632,0.12639530600218965
cb_rnn,4,3,4,c1_i0_o0,116,0.2705596891056881,0.10699159181676038,0.12639530600218965
cb_rnn,4,3,5,c1_i0_o1,143,0.2240408775378992,0.3135334283275351,0.12639530600218965
cb_rnn,4,3,6,c1_i1_o0,113,0.23398674816365944,0.1097701437428528,0.12639530600218965
cb_rnn,4,3,7,c1_i1_o1,106,0.21739904086728404,0.28060525590970936,0.12639530600218965
cb_rnn,4,4,0,c0_i0_o0,124,0.3899053632050957,0.48696011071352846,0.18226488932657567
cb_rnn,4,4,1,c0_i0_o1,152,0.417650839782416,0.31682420239790976,0.18226488932657567
cb_rnn,4,4,2,c0_i1_o0,147,0.429540999926896,0.5160529368709268,0.18226488932657567
cb_rnn,4,4,3,c0_i1_o1,124,0.39580488902068184,0.2638743184969638,0.18226488932657567
cb_rnn,4,4,4,c1_i0_o0,143,0.44969898005068276,0.36057463544939433,0.18226488932657567
cb_rnn,4,4,5,c1_i0_o1,151,0.3265623508422077,0.5300400025971832,0.18226488932657567
cb_rnn,4,4,6,c1_i1_o0,141,0.41622624670663727,0.32359369856265346,0.18226488932657567
cb_rnn,4,4,7,c1_i1_o1,132,0.41767703066662903,0.43967592933588384,0.18226488932657567
cb_rnn,4,5,0,c0_i0_o0,155,0.35456425401173586,0.49111443358899254,0.21962884184352188
cb_rnn,4,5,1,c0_i0_o1,167,0.4667082575964053,0.3560071627953611,0.21962884184352188
cb_rnn,4,5,2,c0_i1_o0,160,0.5037848159236932,0.45435528895877864,0.21962884184352188
cb_rnn,4,5,3,c0_i1_o1,215,0.33518057871924906,0.2959721361710645,0.21962884184352188
cb_rnn,4,5,4,c1_i0_o0,195,0.5253889612275157,0.417802743167052,0.21962884184352188
cb_rnn,4,5,5,c1_i0_o1,153,0.3630258142042727,0.3795495667279729,0.21962884184352188
cb_rnn,4,5,6,c1_i1_o0,164,0.3904917999898307,0.3596914629496766,0.21962884184352188
cb_rnn,4,5,7,c1_i1_o1,154,0.4764176822050084,0.36647466231768655,0.21962884184352188
cb_rnn,4,6,0,c0_i0_o0,141,0.3759281217642465,0.2849357874893008,0.18586343601595492
cb_rnn,4,6,1,c0_i0_o1,167,0.4250444931524224,0.29438201769317823,0.18586343601595492
cb_rnn,4,6,2,c0_i1_o0,141,0.46840003146939396,0.324283542628956,0.18586343601595492
cb_rnn,4,6,3,c0_i1_o1,135,0.2981934348337886,0.2779571813602528,0.18586343601595492
cb_rnn,4,6,4,c1_i0_o0,131,0.47424341273825027,0.3528234590167234,0.18586343601595492
cb_rnn,4,6,5,c1_i0_o1,158,0.3418170556884841,0.3176864610938801,0.18586343601595492
cb_rnn,4,6,6,c1_i1_o0,135,0.3307008772984038,0.30598797252131477,0.18586343601595492
cb_rnn,4,6,7,c1_i1_o1,144,0.42994463527316207,0.3053811252233247,0.18586343601595492
cb_rnn,4,7,0,c0_i0_o0,129,0.3115799576496124,0.30297403688939056,0.16133723621730386
cb_rnn,4,7,1,c0_i0_o1,146,0.3677558845230858,0.269293230347615,0.16133723621730386
cb_rnn,4,7,2,c0_i1_o0,143,0.4263365932389288,0.2687850903371247,0.16133723621730386
cb_rnn,4,7,3,c0_i1_o1,139,0.2707061874003757,0.23911511947105984,0.16133723621730386
cb_rnn,4,7,4,c1_i0_o0,147,0.42510232899546807,0.2804370126775869,0.16133723621730386
cb_rnn,4,7,5,c1_i0_o1,156,0.296171400852628,0.26286187243974124,0.16133723621730386
cb_rnn,4,7,6,c1_i1_o0,172,0.2729869105234749,0.23231683767751515,0.16133723621730386
cb_rnn,4,7,7,c1_i1_o1,120,0.38300482523915935,0.2627334112396661,0.16133723621730386
cb_rnn,4,8,0,c0_i0_o0,130,0.3033412376560262,0.245969501040959,0.19029823479860836
cb_rnn,4,8,1,c0_i0_o1,131,0.37578146191996414,0.26588064502026565,0.19029823479860836
cb_rnn,4,8,2,c0_i1_o0,144,0.40176082563157084,0.24730354082323897,0.19029823479860836
cb_rnn,4,8,3,c0_i1_o1,148,0.23244296556452584,0.20913305310958494,0.19029823479860836
cb_rnn,4,8,4,c1_i0_o0,161,0.39427617629139605,0.2685594174003384,0.19029823479860836
cb_rnn,4,8,5,c1_i0_o1,145,0.29850045148274196,0.22503519536909983,0.19029823479860836
cb_rnn,4,8,6,c1_i1_o0,148,0.25285561872119994,0.20179461684509598,0.19029823479860836
cb_rnn,4,8,7,c1_i1_o1,145,0.392930727827862,0.24719752501045403,0.19029823479860836
cb_rnn,4,9,0,c0_i0_o0,160,0.34072331493667257,0.24890603772603473,0.20491249486503563
cb_rnn,4,9,1,c0_i0_o1,168,0.4102606841188093,0.2711726622213143,0.20491249486503563
cb_rnn,4,9,2,c0_i1_o0,137,0.41095318313284895,0.24175487390807132,0.20491249486503563
cb_rnn,4,9,3,c0_i1_o1,149,0.2720338246131218,0.28155525972235285,0.20491249486503563
cb_rnn,4,9,4,c1_i0_o0,146,0.41901256226130856,0.2639867939965044,0.20491249486503563
cb_rnn,4,9,5,c1_i0_o1,130,0.32826616414823967,0.25948415850385853,0.20491249486503563
cb_rnn,4,9,6,c1_i1_o0,133,0.2706237965902159,0.26170936404632034,0.20491249486503563
cb_rnn,4,9,7,c1_i1_o1,129,0.4073635864618637,0.23740001603416255,0.20491249486503563
cb_rnn,4,10,0,c0_i0_o0,235,0.3411473457833553,0.25095525898958243,0.21211541863420422
cb_rnn,4,10,1,c0_i0_o1,202,0.42588518562078453,0.28072348500023725,0.21211541863420422
cb_rnn,4,10,2,c0_i1_o0,223,0.4044226528066195,0.2699026091680814,0.21211541863420422
cb_rnn,4,10,3,c0_i1_o1,191,0.2713630992649229,0.25929374718885323,0.21211541863420422
cb_rnn,4,10,4,c1_i0_o0,218,0.41285055442569923,0.2851763713882681,0.21211541863420422
cb_rnn,4,10,5,c1_i0_o1,201,0.3545371227531945,0.23904598310596017,0.21211541863420422
cb_rnn,4,10,6,c1_i1_o0,223,0.24689543148116672,0.25266673562057895,0.21211541863420422
cb_rnn,4,10,7,c1_i1_o1,177,0.3802684828608767,0.2803723396079264,0.21211541863420422
cb_rnn,4,11,0,c0_i0_o0,306,0.42058761815954393,0.3275759272399137,0.251033526551807
cb_rnn,4,11,1,c0_i0_o1,301,0.4978294384037268,0.34633234411914215,0.251033526551807
cb_rnn,4,11,2,c0_i1_o0,304,0.4057537287707568,0.3139202555952499,0.251033526551807
cb_rnn,4,11,3,c0_i1_o1,289,0.2925230725178372,0.274576598964289,0.251033526551807
cb_rnn,4,11,4,c1_i0_o0,284,0.4721730433912264,0.3427324952911675,0.251033526551807
cb_rnn,4,11,5,c1_i0_o1,299,0.4155663188562453,0.2958363862843203,0.251033526551807
cb_rnn,4,11,6,c1_i1_o0,305,0.2942755182350228,0.27355501291700063,0.251033526551807
cb_rnn,4,11,7,c1_i1_o1,293,0.3796690861404801,0.30886677962073,0.251033526551807
cb_rnn,4,12,0,c0_i0_o0,449,0.4487824687791325,0.33987217310645373,0.2720840691909283
cb_rnn,4,12,1,c0_i0_o1,455,0.5940433313504795,0.3443455151125854,0.2720840691909283
cb_rnn,4,12,2,c0_i1_o0,426,0.45493420211968183,0.30453661032457213,0.2720840691909283
cb_rnn,4,12,3,c0_i1_o1,409,0.3138278499784251,0.28662809496244723,0.2720840691909283
cb_rnn,4,12,4,c1_i0_o0,435,0.5890821796617163,0.3636354900231213,0.2720840691909283
cb_rnn,4,12,5,c1_i0_o1,452,0.4649051027696506,0.3352273711997632,0.2720840691909283
cb_rnn,4,12,6,c1_i1_o0,440,0.2855758023476482,0.26679963903236475,0.2720840691909283
cb_rnn,4,12,7,c1_i1_o1,409,0.42136540638266845,0.2912859006834841,0.2720840691909283
cb_rnn,4,13,0,c0_i0_o0,506,0.5494423401029386,0.3809606375420196,0.3187744642082611
cb_rnn,4,13,1,c0_i0_o1,493,0.6942811540179874,0.37246625611572415,0.3187744642082611
cb_rnn,4,13,2,c0_i1_o0,496,0.4998188667981529,0.2961899755002208,0.3187744642082611
cb_rnn,4,13,3,c0_i1_o1,509,0.3282593250960897,0.2542442648170119,0.3187744642082611
cb_rnn,4,13,4,c1_i0_o0,493,0.6711825979875087,0.37714527081046795,0.3187744642082611
cb_rnn,4,13,5,c1_i0_o1,528,0.554105799550439,0.38275812248481966,0.3187744642082611
cb_rnn,4,13,6,c1_i1_o0,467,0.3150565344055101,0.2791033344382874,0.3187744642082611
cb_rnn,4,13,7,c1_i1_o1,502,0.4725930609675189,0.2819054981137767,0.3187744642082611
cb_rnn,4,14,0,c0_i0_o0,523,0.7258270405639698,0.48535724414919146,0.3942746854824976
cb_rnn,4,14,1,c0_i0_o1,459,0.8524033066142113,0.45585791515309126,0.3942746854824976
cb_rnn,4,14,2,c0_i1_o0,500,0.5086956398754781,0.3506764056669791,0.3942746854824976
cb_rnn,4,14,3,c0_i1_o1,489,0.33645656389186396,0.29157608959132536,0.3942746854824976
cb_rnn,4,14,4,c1_i0_o0,545,0.8424086407494212,0.4824487000802992,0.3942746854824976
cb_rnn,4,14,5,c1_i0_o1,484,0.7317720688414111,0.4671302920956125,0.3942746854824976
cb_rnn,4,14,6,c1_i1_o0,501,0.3336907900525847,0.30749211734021964,0.3942746854824976
cb_rnn,4,14,7,c1_i1_o1,493,0.47274330448510476,0.3082926679564125,0.3942746854824976
cb_rnn,4,15,0,c0_i0_o0,502,0.8607724304746631,0.5519378095027142,0.47734118074692766
cb_rnn,4,15,1,c0_i0_o1,561,1.027304176053546,0.5605005472296449,0.47734118074692766
cb_rnn,4,15,2,c0_i1_o0,479,0.5091125446537121,0.3751940501267981,0.47734118074692766
cb_rnn,4,15,3,c0_i1_o1,493,0.3713002363810851,0.3016472440243441,0.47734118074692766
cb_rnn,4,15,4,c1_i0_o0,529,1.0159435771710874,0.5720383442400879,0.47734118074692766
cb_rnn,4,15,5,c1_i0_o1,531,0.9119646976671424,0.5587161387132292,0.47734118074692766
cb_rnn,4,15,6,c1_i1_o0,538,0.36777474058351745,0.3513841583173818,0.47734118074692766
cb_rnn,4,15,7,c1_i1_o1,533,0.5118244941326584,0.3452170584018405,0.47734118074692766
cb_rnn,5,2,0,c0_i0_o0,95,0.07844330025039124,0.004791125890436376,0.05850695005041009
cb_rnn,5,2,1,c0_i0_o1,98,0.10002615667412466,0.004210800516589974,0.05850695005041009
cb_rnn,5,2,2,c0_i1_o0,94,0.09378356255003589,0.005013958682009769,0.05850695005041009
cb_rnn,5,2,3,c0_i1_o1,95,0.09606988621513207,0.004330544589998257,0.05850695005041009
cb_rnn,5,2,4,c1_i0_o0,96,0.0939620837224861,0.004290369147617205,0.05850695005041009
cb_rnn,5,2,5,c1_i0_o1,83,0.07872747552144267,0.004656627741246727,0.05850695005041009
cb_rnn,5,2,6,c1_i1_o0,90,0.09078906733650312,0.004937069681004896,0.05850695005041009
cb_rnn,5,2,7,c1_i1_o1,98,0.09561292827249585,0.0044944645459349996,0.05850695005041009
cb_rnn,5,3,0,c0_i0_o0,130,0.38963891222078784,0.475233587255355,0.19952565759677923
cb_rnn,5,3,1,c0_i0_o1,108,0.5047048830641726,0.10747231847807565,0.19952565759677923
cb_rnn,5,3,2,c0_i1_o0,131,0.4276842429949606,0.6331722749637815,0.19952565759677923
cb_rnn,5,3,3,c0_i1_o1,113,0.38456714043282747,0.10548628901034682,0.19952565759677923
cb_rnn,5,3,4,c1_i0_o0,116,0.4583264522764903,0.11454344155393541,0.19952565759677923
cb_rnn,5,3,5,c1_i0_o1,143,0.40959923900364636,0.43051932882517757,0.19952565759677923
cb_rnn,5,3,6,c1_i1_o0,113,0.4270831783316366,0.11449921216102033,0.19952565759677923
cb_rnn,5,3,7,c1_i1_o1,106,0.40622505938953324,0.5915193893899042,0.19952565759677923
cb_rnn,5,4,0,c0_i0_o0,124,0.6851167300769342,0.4501867503350735,0.25721996590432566
cb_rnn,5,4,1,c0_i0_o1,152,0.6850907611915161,0.27521754728658915,0.25721996590432566
cb_rnn,5,4,2,c0_i1_o0,147,0.4042238736758442,0.827315035619736,0.25721996590432566
cb_rnn,5,4,3,c0_i1_o1,124,0.40208712310507183,0.40115632366948206,0.25721996590432566
cb_rnn,5,4,4,c1_i0_o0,143,0.6843154651323785,0.3157129774758105,0.25721996590432566
cb_rnn,5,4,5,c1_i0_o1,151,0.5894208150526453,0.460206664807701,0.25721996590432566
cb_rnn,5,4,6,c1_i1_o0,141,0.47762219514982535,0.5047678073959284,0.25721996590432566
cb_rnn,5,4,7,c1_i1_o1,132,0.41998546757373934,0.7239179318078767,0.25721996590432566
cb_rnn,5,5,0,c0_i0_o0,155,0.6629112261150355,0.4398683805820092,0.2843499120917567
cb_rnn,5,5,1,c0_i0_o1,167,0.6524558172155497,0.29122420969799034,0.2843499120917567
cb_rnn,5,5,2,c0_i1_o0,160,0.39797719470872556,0.7485149613900448,0.2843499120917567
cb_rnn,5,5,3,c0_i1_o1,215,0.38800787296328404,0.4715070618143831,0.2843499120917567
cb_rnn,5,5,4,c1_i0_o0,195,0.652989295161986,0.3290173018311711,0.2843499120917567
cb_rnn,5,5,5,c1_i0_o1,153,0.6799067495169819,0.3269472642814467,0.2843499120917567
cb_rnn,5,5,6,c1_i1_o0,164,0.4933610989837814,0.5416155093031448,0.2843499120917567
cb_rnn,5,5,7,c1_i1_o1,154,0.40343034820879975,0.6214109009603551,0.2843499120917567
cb_rnn,5,6,0,c0_i0_o0,141,0.6072309290403295,0.23730836379424075,0.24237248608473316
cb_rnn,5,6,1,c0_i0_o1,167,0.5618365370649959,0.26685635474561015,0.24237248608473316
cb_rnn,5,6,2,c0_i1_o0,141,0.34909717769796844,0.50026124061753,0.24237248608473316
cb_rnn,5,6,3,c0_i1_o1,135,0.34522174110386783,0.39621161490672074,0.24237248608473316
cb_rnn,5,6,4,c1_i0_o0,131,0.576869491952953,0.2699872386507516,0.24237248608473316
cb_rnn,5,6,5,c1_i0_o1,158,0.5875577688972572,0.2645597153400271,0.24237248608473316
cb_rnn,5,6,6,c1_i1_o0,135,0.4272915832093517,0.42866697035051854,0.24237248608473316
cb_rnn,5,6,7,c1_i1_o1,144,0.3233350798482464,0.4811155919304809,0.24237248608473316
cb_rnn,5,7,0,c0_i0_o0,129,0.5145768485123238,0.3461392655747158,0.24947407502729688
cb_rnn,5,7,1,c0_i0_o1,146,0.5448500767617053,0.2660993806279578,0.24947407502729688
cb_rnn,5,7,2,c0_i1_o0,143,0.3355984016421153,0.4545364265527662,0.24947407502729688
cb_rnn,5,7,3,c0_i1_o1,139,0.25711296587153293,0.38169966552044693,0.24947407502729688
cb_rnn,5,7,4,c1_i0_o0,147,0.5497436666937822,0.26001594644149123,0.24947407502729688
cb_rnn,5,7,5,c1_i0_o1,156,0.5224863801932714,0.3099226816108173,0.24947407502729688
cb_rnn,5,7,6,c1_i1_o0,172,0.3261717712351513,0.3733848691139554,0.24947407502729688
cb_rnn,5,7,7,c1_i1_o1,120,0.31801948086842835,0.42926279185644034,0.24947407502729688
cb_rnn,5,8,0,c0_i0_o0,130,0.4649221179286168,0.2734156089966727,0.2316237841934216
cb_rnn,5,8,1,c0_i0_o1,131,0.4917393449023625,0.24735534833656408,0.2316237841934216
cb_rnn,5,8,2,c0_i1_o0,144,0.31988142979655243,0.32863424152979076,0.2316237841934216
cb_rnn,5,8,3,c0_i1_o1,148,0.2022811244924485,0.3136374837333957,0.2316237841934216
cb_rnn,5,8,4,c1_i0_o0,161,0.5072009945199942,0.23171752334908166,0.2316237841934216
cb_rnn,5,8,5,c1_i0_o1,145,0.47428935915294274,0.2554476772631096,0.2316237841934216
cb_rnn,5,8,6,c1_i1_o0,148,0.24837454602023995,0.26712244668522495,0.2316237841934216
cb_rnn,5,8,7,c1_i1_o1,145,0.2788520921092309,0.32440842729170494,0.2316237841934216
cb_rnn,5,9,0,c0_i0_o0,160,0.46743127628389214,0.26030467719012934,0.23150520031699057
cb_rnn,5,9,1,c0_i0_o1,168,0.4487747752398134,0.2450416308215997,0.23150520031699057
cb_rnn,5,9,2,c0_i1_o0,137,0.27484232085199933,0.3486650324739643,0.23150520031699057
cb_rnn,5,9,3,c0_i1_o1,149,0.21877278578822948,0.30420023910049715,0.23150520031699057
cb_rnn,5,9,4,c1_i0_o0,146,0.4490287357402715,0.23896905552795766,0.23150520031699057
cb_rnn,5,9,5,c1_i0_o1,130,0.4896901430720812,0.2577825584768309,0.23150520031699057
cb_rnn,5,9,6,c1_i1_o0,133,0.26144876772670617,0.2691570000757689,0.23150520031699057
cb_rnn,5,9,7,c1_i1_o1,129,0.25673516143389336,0.2881720266620814,0.23150520031699057
cb_rnn,5,10,0,c0_i0_o0,235,0.420524485276866,0.24998690833290285,0.217774647220288
cb_rnn,5,10,1,c0_i0_o1,202,0.3788897382307456,0.21993376552113203,0.217774647220288
cb_rnn,5,10,2,c0_i1_o0,223,0.2310997095299304,0.2891721394318302,0.217774647220288
cb_rnn,5,10,3,c0_i1_o1,191,0.19646322993598156,0.22132618183272149,0.217774647220288
cb_rnn,5,10,4,c1_i0_o0,218,0.38152449624675877,0.21446939776341084,0.217774647220288
cb_rnn,5,10,5,c1_i0_o1,201,0.426154313921356,0.2294047519174468,0.217774647220288
cb_rnn,5,10,6,c1_i1_o0,223,0.238406027648388,0.30804208144506773,0.217774647220288
cb_rnn,5,10,7,c1_i1_o1,177,0.2123918276604712,0.2649864862022044,0.217774647220288
cb_rnn,5,11,0,c0_i0_o0,306,0.4286470619177756,0.2851845874654179,0.2221741891921512
cb_rnn,5,11,1,c0_i0_o1,301,0.37370024273344427,0.22823125182420823,0.2221741891921512
cb_rnn,5,11,2,c0_i1_o0,304,0.20653586340902302,0.26312020767570204,0.2221741891921512
cb_rnn,5,11,3,c0_i1_o1,289,0.21454303719368822,0.23406440447944107,0.2221741891921512
cb_rnn,5,11,4,c1_i0_o0,284,0.3687809649113649,0.25278395309485296,0.2221741891921512
cb_rnn,5,11,5,c1_i0_o1,299,0.43556737543391405,0.24483459916757055,0.2221741891921512
cb_rnn,5,11,6,c1_i1_o0,305,0.23280992278197085,0.26343734096439714,0.2221741891921512
cb_rnn,5,11,7,c1_i1_o1,293,0.20033274287356498,0.2839556239251513,0.2221741891921512
cb_rnn,5,12,0,c0_i0_o0,449,0.45820674303237546,0.26354842912619575,0.25400271150992515
cb_rnn,5,12,1,c0_i0_o1,455,0.41698584181399534,0.26077301427262606,0.25400271150992515
cb_rnn,5,12,2,c0_i1_o0,426,0.24556596720941043,0.35662806398580854,0.25400271150992515
cb_rnn,5,12,3,c0_i1_o1,409,0.2671357712028081,0.32161968017211284,0.25400271150992515
cb_rnn,5,12,4,c1_i0_o0,435,0.41185621167371267,0.3006663048262896,0.25400271150992515
cb_rnn,5,12,5,c1_i0_o1,452,0.4605091045667337,0.2529810581377809,0.25400271150992515
cb_rnn,5,12,6,c1_i1_o0,440,0.2838605351074965,0.31567827144526467,0.25400271150992515
cb_rnn,5,12,7,c1_i1_o1,409,0.22632464950361764,0.34562366124000093,0.25400271150992515
cb_rnn,5,13,0,c0_i0_o0,506,0.49549335463252964,0.30064639774485186,0.29049365701947105
cb_rnn,5,13,1,c0_i0_o1,493,0.473685393488092,0.3233387709878634,0.29049365701947105
cb_rnn,5,13,2,c0_i1_o0,496,0.30568987676807075,0.36786991098378513,0.29049365701947105
cb_rnn,5,13,3,c0_i1_o1,509,0.3095133483508175,0.33909840574189853,0.29049365701947105
cb_rnn,5,13,4,c1_i0_o0,493,0.4495988492607852,0.33278670720592496,0.29049365701947105
cb_rnn,5,13,5,c1_i0_o1,528,0.49053427060674465,0.30640937142431895,0.29049365701947105
cb_rnn,5,13,6,c1_i1_o0,467,0.33525983727103326,0.3978205376412986,0.29049365701947105
cb_rnn,5,13,7,c1_i1_o1,502,0.28523073888045714,0.39844010427230814,0.29049365701947105
cb_rnn,5,14,0,c0_i0_o0,523,0.6134309931486802,0.40315639381351176,0.35177416732835537
cb_rnn,5,14,1,c0_i0_o1,459,0.5916218726785544,0.39729779662908765,0.35177416732835537
cb_rnn,5,14,2,c0_i1_o0,500,0.3524968163609285,0.4281340111718144,0.35177416732835537
cb_rnn,5,14,3,c0_i1_o1,489,0.3461524335531069,0.3865494176298346,0.35177416732835537
cb_rnn,5,14,4,c1_i0_o0,545,0.5818972846612728,0.41126889092576474,0.35177416732835537
cb_rnn,5,14,5,c1_i0_o1,484,0.6056078956923795,0.36622395468690844,0.35177416732835537
cb_rnn,5,14,6,c1_i1_o0,501,0.3926783217695821,0.4564037213463648,0.35177416732835537
cb_rnn,5,14,7,c1_i1_o1,493,0.342941267159811,0.3942425172090726,0.35177416732835537
cb_rnn,5,15,0,c0_i0_o0,502,0.7547149270271909,0.5462242688970242,0.4406972676234761
cb_rnn,5,15,1,c0_i0_o1,561,0.7794340889371962,0.5294619917356035,0.4406972676234761
cb_rnn,5,15,2,c0_i1_o0,479,0.4315355495980977,0.552827018375366,0.4406972676234761
cb_rnn,5,15,3,c0_i1_o1,493,0.44719450335766947,0.4653866090298989,0.4406972676234761
cb_rnn,5,15,4,c1_i0_o0,529,0.7610025681973425,0.5292153492921174,0.4406972676234761
cb_rnn,5,15,5,c1_i0_o1,531,0.7949236762009726,0.5519333401736193,0.4406972676234761
cb_rnn,5,15,6,c1_i1_o0,538,0.4942359122498113,0.5894172632209895,0.4406972676234761
cb_rnn,5,15,7,c1_i1_o1,533,0.422487048684883,0.5082322554015825,0.4406972676234761
cb_rnn,6,2,0,c0_i0_o0,95,0.043331239263441776,0.003006565214524856,0.020883304070069067
cb_rnn,6,2,1,c0_i0_o1,98,0.062171889603891445,0.002800706270824912,0.020883304070069067
cb_rnn,6,2,2,c0_i1_o0,94,0.0441563119974548,0.0031455971052068237,0.020883304070069067
cb_rnn,6,2,3,c0_i1_o1,95,0.06194469955096433,0.002481504596555793,0.020883304070069067
cb_rnn,6,2,4,c1_i0_o0,96,0.056848873885150766,0.002690069610078349,0.020883304070069067
cb_rnn,6,2,5,c1_i0_o1,83,0.04393742682750918,0.002592592638851041,0.020883304070069067
cb_rnn,6,2,6,c1_i1_o0,90,0.05684399785528541,0.003033374646865487,0.020883304070069067
cb_rnn,6,2,7,c1_i1_o1,98,0.045503466475372116,0.002499865913746486,0.020883304070069067
cb_rnn,6,3,0,c0_i0_o0,130,0.2944277707082962,0.2944633377597655,0.1281784654534962
cb_rnn,6,3,1,c0_i0_o1,108,0.30608866225638226,0.09390724788885013,0.1281784654534962
cb_rnn,6,3,2,c0_i1_o0,131,0.3318656563400325,0.29725949964459564,0.1281784654534962
cb_rnn,6,3,3,c0_i1_o1,113,0.2835500481038997,0.08977883112889831,0.1281784654534962
cb_rnn,6,3,4,c1_i0_o0,116,0.28287734952420907,0.08880278668376303,0.1281784654534962
cb_rnn,6,3,5,c1_i0_o1,143,0.29781389856752577,0.28364047744315,0.1281784654534962
cb_rnn,6,3,6,c1_i1_o0,113,0.2689674659152107,0.09042670017051935,0.1281784654534962
cb_rnn,6,3,7,c1_i1_o1,106,0.334685713754027,0.28483407334906485,0.1281784654534962
cb_rnn,6,4,0,c0_i0_o0,124,0.6346079760863423,0.4009181183595848,0.22696968356787567
cb_rnn,6,4,1,c0_i0_o1,152,0.5107213131635903,0.5408140119531605,0.22696968356787567
cb_rnn,6,4,2,c0_i1_o0,147,0.6870493160176796,0.4617786989084926,0.22696968356787567
cb_rnn,6,4,3,c0_i1_o1,124,0.5404445847840313,0.49883645323124765,0.22696968356787567
cb_rnn,6,4,4,c1_i0_o0,143,0.5597431937062627,0.5790782063833863,0.22696968356787567
cb_rnn,6,4,5,c1_i0_o1,151,0.5775610663297814,0.4595294669637973,0.22696968356787567
cb_rnn,6,4,6,c1_i1_o0,141,0.5981433020422932,0.5577336761322343,0.22696968356787567
cb_rnn,6,4,7,c1_i1_o1,132,0.7125003694197944,0.4341226563350506,0.22696968356787567
cb_rnn,6,5,0,c0_i0_o0,155,0.6573757252083486,0.5317407590800913,0.22056706893775138
cb_rnn,6,5,1,c0_i0_o1,167,0.5755886894120789,0.6249331658668348,0.22056706893775138
cb_rnn,6,5,2,c0_i1_o0,160,0.7530409028588584,0.5117492755793844,0.22056706893775138
cb_rnn,6,5,3,c0_i1_o1,215,0.6115211861831179,0.505007566599865,0.22056706893775138
cb_rnn,6,5,4,c1_i0_o0,195,0.6177750161558194,0.6638762210266531,0.22056706893775138
cb_rnn,6,5,5,c1_i0_o1,153,0.6348593574691421,0.4564077362597493,0.22056706893775138
cb_rnn,6,5,6,c1_i1_o0,164,0.6711324428818277,0.5542009194258783,0.22056706893775138
cb_rnn,6,5,7,c1_i1_o1,154,0.7020370567816057,0.4299122055037569,0.22056706893775138
cb_rnn,6,6,0,c0_i0_o0,141,0.6200090372311696,0.4575476495270439,0.18663196430233603
cb_rnn,6,6,1,c0_i0_o1,167,0.5356153340877406,0.5110609945526386,0.18663196430233603
cb_rnn,6,6,2,c0_i1_o0,141,0.6390678641747901,0.4050151142942611,0.18663196430233603
cb_rnn,6,6,3,c0_i1_o1,135,0.5988322154806504,0.4397784547220344,0.18663196430233603
cb_rnn,6,6,4,c1_i0_o0,131,0.608760528307582,0.5566118092162415,0.18663196430233603
cb_rnn,6,6,5,c1_i0_o1,158,0.5727998087325082,0.4016819625616457,0.18663196430233603
cb_rnn,6,6,6,c1_i1_o0,135,0.6420989394821737,0.4495325550222895,0.18663196430233603
cb_rnn,6,6,7,c1_i1_o1,144,0.6505494855639475,0.3846059944825642,0.18663196430233603
cb_rnn,6,7,0,c0_i0_o0,129,0.5950425048424031,0.43565015222965603,0.2256885306164966
cb_rnn,6,7,1,c0_i0_o1,146,0.4493494907587966,0.4778178630373203,0.2256885306164966
cb_rnn,6,7,2,c0_i1_o0,143,0.4857271573483855,0.366400324690449,0.2256885306164966
cb_rnn,6,7,3,c0_i1_o1,139,0.49618635451279114,0.3445864202859111,0.2256885306164966
cb_rnn,6,7,4,c1_i0_o0,147,0.5188241373795174,0.5023389421900248,0.2256885306164966
cb_rnn,6,7,5,c1_i0_o1,156,0.5501181385251999,0.38956140862337735,0.2256885306164966
cb_rnn,6,7,6,c1_i1_o0,172,0.5733671875143009,0.3224908473512002,0.2256885306164966
cb_rnn,6,7,7,c1_i1_o1,120,0.4650272420634267,0.37271976023084735,0.2256885306164966
cb_rnn,6,8,0,c0_i0_o0,130,0.51324015248653,0.3593447513536677,0.225388368122768
cb_rnn,6,8,1,c0_i0_o1,131,0.39948004753588945,0.37549461219725866,0.225388368122768
cb_rnn,6,8,2,c0_i1_o0,144,0.388564374238339,0.2926792542772589,0.225388368122768
cb_rnn,6,8,3,c0_i1_o1,148,0.38566519102680824,0.2649966129651379,0.225388368122768
cb_rnn,6,8,4,c1_i0_o0,161,0.4623702090956046,0.3997281087638125,0.225388368122768
cb_rnn,6,8,5,c1_i0_o1,145,0.49064018286105676,0.3254738072978436,0.225388368122768
cb_rnn,6,8,6,c1_i1_o0,148,0.46627237446242736,0.26701680264889327,0.225388368122768
cb_rnn,6,8,7,c1_i1_o1,145,0.3632372969041259,0.30133083411896716,0.225388368122768
cb_rnn,6,9,0,c0_i0_o0,160,0.4974713221403667,0.30054696702995315,0.2373005504312671
cb_rnn,6,9,1,c0_i0_o1,168,0.39663769221851813,0.3394705330073396,0.2373005504312671
cb_rnn,6,9,2,c0_i1_o0,137,0.32670659296833227,0.28668108604625886,0.2373005504312671
cb_rnn,6,9,3,c0_i1_o1,149,0.421511713670593,0.32098768744619743,0.2373005504312671
cb_rnn,6,9,4,c1_i0_o0,146,0.4299613533775584,0.3533024707287568,0.2373005504312671
cb_rnn,6,9,5,c1_i0_o1,130,0.496469832681233,0.32386490893084785,0.2373005504312671
cb_rnn,6,9,6,c1_i1_o0,133,0.4630074875765832,0.303787712901587,0.2373005504312671
cb_rnn,6,9,7,c1_i1_o1,129,0.31470791582984936,0.3015034742682048,0.2373005504312671
cb_rnn,6,10,0,c0_i0_o0,235,0.4192272515618877,0.25532967932523853,0.21645554857284857
cb_rnn,6,10,1,c0_i0_o1,202,0.3246223005663961,0.2759486594329499,0.21645554857284857
cb_rnn,6,10,2,c0_i1_o0,223,0.33979563991484224,0.27233756349439425,0.21645554857284857
cb_rnn,6,10,3,c0_i1_o1,191,0.3722362062073257,0.24705382196600675,0.21645554857284857
cb_rnn,6,10,4,c1_i0_o0,218,0.3646853611334302,0.2814791228040099,0.21645554857284857
cb_rnn,6,10,5,c1_i0_o1,201,0.4070861201205975,0.23845400891271754,0.21645554857284857
cb_rnn,6,10,6,c1_i1_o0,223,0.4135893527506409,0.2538222701715772,0.21645554857284857
cb_rnn,6,10,7,c1_i1_o1,177,0.32083705333792,0.27846634857091557,0.21645554857284857
cb_rnn,6,11,0,c0_i0_o0,306,0.3464256928525595,0.2572385255386517,0.22270582699872682
cb_rnn,6,11,1,c0_i0_o1,301,0.27951809005606226,0.23335700753267852,0.22270582699872682
cb_rnn,6,11,2,c0_i1_o0,304,0.36331610373710854,0.2575521246811583,0.22270582699872682
cb_rnn,6,11,3,c0_i1_o1,289,0.37325901209663026,0.21942956475171926,0.22270582699872682
cb_rnn,6,11,4,c1_i0_o0,284,0.32124855994533236,0.27409036299681744,0.22270582699872682
cb_rnn,6,11,5,c1_i0_o1,299,0.33946716164790325,0.24283981355984766,0.22270582699872682
cb_rnn,6,11,6,c1_i1_o0,305,0.4352195718842308,0.23754076236960323,0.22270582699872682
cb_rnn,6,11,7,c1_i1_o1,293,0.37545985559510103,0.2498901250039164,0.22270582699872682
cb_rnn,6,12,0,c0_i0_o0,449,0.3170317388195549,0.22798430405859743,0.2669208385242972
cb_rnn,6,12,1,c0_i0_o1,455,0.32041787447492714,0.24011290818962658,0.2669208385242972
cb_rnn,6,12,2,c0_i1_o0,426,0.44446398835643797,0.2588855266012141,0.2669208385242972
cb_rnn,6,12,3,c0_i1_o1,409,0.43343456411472636,0.2343513844205906,0.2669208385242972
cb_rnn,6,12,4,c1_i0_o0,435,0.3338073370810942,0.26291636980087024,0.2669208385242972
cb_rnn,6,12,5,c1_i0_o1,452,0.31716484400806,0.23149292533543622,0.2669208385242972
cb_rnn,6,12,6,c1_i1_o0,440,0.4716419595539629,0.2403494024899501,0.2669208385242972
cb_rnn,6,12,7,c1_i1_o1,409,0.44302773288742253,0.2520199416695051,0.2669208385242972
cb_rnn,6,13,0,c0_i0_o0,506,0.2817824603703393,0.22933790188685865,0.28969634508451214
cb_rnn,6,13,1,c0_i0_o1,493,0.30309133461222665,0.24652681406649551,0.28969634508451214
cb_rnn,6,13,2,c0_i1_o0,496,0.49290775205624127,0.24387268952727073,0.28969634508451214
cb_rnn,6,13,3,c0_i1_o1,509,0.5014442779672115,0.21502616139967656,0.28969634508451214
cb_rnn,6,13,4,c1_i0_o0,493,0.300682475462816,0.26647360407092985,0.28969634508451214
cb_rnn,6,13,5,c1_i0_o1,528,0.31193469220411785,0.24291136634380642,0.28969634508451214
cb_rnn,6,13,6,c1_i1_o0,467,0.5225882497687716,0.24842772570409677,0.28969634508451214
cb_rnn,6,13,7,c1_i1_o1,502,0.5032119944917764,0.25280904786233543,0.28969634508451214
cb_rnn,6,14,0,c0_i0_o0,523,0.2742956162686332,0.23395690099022762,0.311178982216543
cb_rnn,6,14,1,c0_i0_o1,459,0.29372276364762384,0.24757919414210966,0.311178982216543
cb_rnn,6,14,2,c0_i1_o0,500,0.55747602026118,0.2601418718277116,0.311178982216543
cb_rnn,6,14,3,c0_i1_o1,489,0.5601205620627514,0.2316017735935787,0.311178982216543
cb_rnn,6,14,4,c1_i0_o0,545,0.2869082460602747,0.25489944261286784,0.311178982216543
cb_rnn,6,14,5,c1_i0_o1,484,0.29994655912612506,0.22306603375286377,0.311178982216543
cb_rnn,6,14,6,c1_i1_o0,501,0.6029219874252285,0.26091904816074074,0.311178982216543
cb_rnn,6,14,7,c1_i1_o1,493,0.5644506643617297,0.24779477738782932,0.311178982216543
cb_rnn,6,15,0,c0_i0_o0,502,0.2571454112456407,0.21623234708649616,0.32943614355124806
cb_rnn,6,15,1,c0_i0_o1,561,0.2942717393721753,0.2421441319056519,0.32943614355124806
cb_rnn,6,15,2,c0_i1_o0,479,0.6072075329166446,0.28933811885246113,0.32943614355124806
cb_rnn,6,15,3,c0_i1_o1,493,0.5955849429817526,0.2639242937308294,0.32943614355124806
cb_rnn,6,15,4,c1_i0_o0,529,0.2945745823542817,0.2405758621249889,0.32943614355124806
cb_rnn,6,15,5,c1_i0_o1,531,0.29202199365465803,0.22378779631845924,0.32943614355124806
cb_rnn,6,15,6,c1_i1_o0,538,0.6202022327325882,0.2883269837927704,0.32943614355124806
cb_rnn,6,15,7,c1_i1_o1,533,0.6122127230253867,0.2715903859310325,0.32943614355124806
cb_rnn,7,2,0,c0_i0_o0,95,0.08136578504441014,0.004056342866084199,0.04581483225570923
cb_rnn,7,2,1,c0_i0_o1,98,0.07453394733626961,0.0038916090799207817,0.04581483225570923
cb_rnn,7,2,2,c0_i1_o0,94,0.08009655618517614,0.004105699305714056,0.04581483225570923
cb_rnn,7,2,3,c0_i1_o1,95,0.07283449703256414,0.0035967543772217627,0.04581483225570923
cb_rnn,7,2,4,c1_i0_o0,96,0.060763980717851426,0.004064861298336435,0.04581483225570923
cb_rnn,7,2,5,c1_i0_o1,83,0.07466553517231246,0.004053205024957013,0.04581483225570923
cb_rnn,7,2,6,c1_i1_o0,90,0.060736300479336,0.004180296426308415,0.04581483225570923
cb_rnn,7,2,7,c1_i1_o1,98,0.07584510551545459,0.0036843396348145534,0.04581483225570923
cb_rnn,7,3,0,c0_i0_o0,130,0.33988129009752943,0.3345237366678936,0.16783735901250443
cb_rnn,7,3,1,c0_i0_o1,108,0.3121438349225113,0.10485512679614474,0.16783735901250443
cb_rnn,7,3,2,c0_i1_o0,131,0.34802722953238413,0.33388053059828743,0.16783735901250443
cb_rnn,7,3,3,c0_i1_o1,113,0.2588919309992491,0.10419485755522326,0.16783735901250443
cb_rnn,7,3,4,c1_i0_o0,116,0.2592319500379855,0.09717148021285583,0.16783735901250443
cb_rnn,7,3,5,c1_i0_o1,143,0.3473857351677132,0.33253013799361714,0.16783735901250443
cb_rnn,7,3,6,c1_i1_o0,113,0.23354909713674485,0.09728912791590413,0.16783735901250443
cb_rnn,7,3,7,c1_i1_o1,106,0.3567350430072062,0.3285518961771331,0.16783735901250443
cb_rnn,7,4,0,c0_i0_o0,124,0.6419861338463185,0.40677705946703835,0.26223068558523693
cb_rnn,7,4,1,c0_i0_o1,152,0.48330270018247246,0.5532289855520882,0.26223068558523693
cb_rnn,7,4,2,c0_i1_o0,147,0.6926393568064891,0.4744204413264194,0.26223068558523693
cb_rnn,7,4,3,c0_i1_o1,124,0.4578347002238193,0.48434969007408385,0.26223068558523693
cb_rnn,7,4,4,c1_i0_o0,143,0.4664828762868549,0.5761460670462832,0.26223068558523693
cb_rnn,7,4,5,c1_i0_o1,151,0.6173841581437185,0.44071076103466506,0.26223068558523693
cb_rnn,7,4,6,c1_i1_o0,141,0.5190874840015148,0.5266527865632527,0.26223068558523693
cb_rnn,7,4,7,c1_i1_o1,132,0.703406236792804,0.4151958104188814,0.26223068558523693
cb_rnn,7,5,0,c0_i0_o0,155,0.6315284029790627,0.47888309138299234,0.23243612585917586
cb_rnn,7,5,1,c0_i0_o1,167,0.5282062265879243,0.5923853563651619,0.23243612585917586
cb_rnn,7,5,2,c0_i1_o0,160,0.7041603311440393,0.4889883713786961,0.23243612585917586
cb_rnn,7,5,3,c0_i1_o1,215,0.46697339059887577,0.45838011926097405,0.23243612585917586
cb_rnn,7,5,4,c1_i0_o0,195,0.4692850991575003,0.6349525735170873,0.23243612585917586
cb_rnn,7,5,5,c1_i0_o1,153,0.6068696042258297,0.37537553279089236,0.23243612585917586
cb_rnn,7,5,6,c1_i1_o0,164,0.5254302810987976,0.48838477961945437,0.23243612585917586
cb_rnn,7,5,7,c1_i1_o1,154,0.6468586575680523,0.36977064684684907,0.23243612585917586
cb_rnn,7,6,0,c0_i0_o0,141,0.5683344189582359,0.3917383691617675,0.23096649612795558
cb_rnn,7,6,1,c0_i0_o1,167,0.5341255446711923,0.5231284703292989,0.23096649612795558
cb_rnn,7,6,2,c0_i1_o0,141,0.6029963182947916,0.40836866626435936,0.23096649612795558
cb_rnn,7,6,3,c0_i1_o1,135,0.4866817977052383,0.39309777333965285,0.23096649612795558
cb_rnn,7,6,4,c1_i0_o0,131,0.5562290875764244,0.5519824196881328,0.23096649612795558
cb_rnn,7,6,5,c1_i0_o1,158,0.5480755391026615,0.36792893573498575,0.23096649612795558
cb_rnn,7,6,6,c1_i1_o0,135,0.5279914355731092,0.392713196675403,0.23096649612795558
cb_rnn,7,6,7,c1_i1_o1,144,0.5852233642092496,0.37240310157035944,0.23096649612795558
cb_rnn,7,7,0,c0_i0_o0,129,0.4636358245074791,0.3565573055717829,0.1977753312272268
cb_rnn,7,7,1,c0_i0_o1,146,0.4157460641356099,0.38765214642628737,0.1977753312272268
cb_rnn,7,7,2,c0_i1_o0,143,0.4778996811610126,0.31232898723829516,0.1977753312272268
cb_rnn,7,7,3,c0_i1_o1,139,0.40475604577682206,0.284419288224898,0.1977753312272268
cb_rnn,7,7,4,c1_i0_o0,147,0.4372397043889937,0.43466109974309775,0.1977753312272268
cb_rnn,7,7,5,c1_i0_o1,156,0.41245061723231874,0.3110270210307538,0.1977753312272268
cb_rnn,7,7,6,c1_i1_o0,172,0.4629797060922941,0.2758281798736251,0.1977753312272268
cb_rnn,7,7,7,c1_i1_o1,120,0.4272643908197546,0.2847933780405389,0.1977753312272268
cb_rnn,7,8,0,c0_i0_o0,130,0.4303378859567967,0.302402374891457,0.19881112836681641
cb_rnn,7,8,1,c0_i0_o1,131,0.3972477037752275,0.3302248586319912,0.19881112836681641
cb_rnn,7,8,2,c0_i1_o0,144,0.4263700010429296,0.24290879847077887,0.19881112836681641
cb_rnn,7,8,3,c0_i1_o1,148,0.33977691554144696,0.2301232901517229,0.19881112836681641
cb_rnn,7,8,4,c1_i0_o0,161,0.4161022439446392,0.33902618434500853,0.19881112836681641
cb_rnn,7,8,5,c1_i0_o1,145,0.39887686298564073,0.27490723750965423,0.19881112836681641
cb_rnn,7,8,6,c1_i1_o0,148,0.41928664056343984,0.22759163868873297,0.19881112836681641
cb_rnn,7,8,7,c1_i1_o1,145,0.36409115880030496,0.2525868475163895,0.19881112836681641
cb_rnn,7,9,0,c0_i0_o0,160,0.43067626696829087,0.2678325929261455,0.23529361849922617
cb_rnn,7,9,1,c0_i0_o1,168,0.4500399714757819,0.31784102312316753,0.23529361849922617
cb_rnn,7,9,2,c0_i1_o0,137,0.4227906739952558,0.2377962138054733,0.23529361849922617
cb_rnn,7,9,3,c0_i1_o1,149,0.3490991423443043,0.26423966227837214,0.23529361849922617
cb_rnn,7,9,4,c1_i0_o0,146,0.4552298723121315,0.31827686514835285,0.23529361849922617
cb_rnn,7,9,5,c1_i0_o1,130,0.3971862320327705,0.29995580334206956,0.23529361849922617
cb_rnn,7,9,6,c1_i1_o0,133,0.3777258068330911,0.2529674179057587,0.23529361849922617
cb_rnn,7,9,7,c1_i1_o1,129,0.37797889444601857,0.22543407055403916,0.23529361849922617
cb_rnn,7,10,0,c0_i0_o0,235,0.3711652895157962,0.2557019761731084,0.21245523915446657
cb_rnn,7,10,1,c0_i0_o1,202,0.411928658882973,0.26555567366532523,0.21245523915446657
cb_rnn,7,10,2,c0_i1_o0,223,0.43942952832549187,0.23467192186413294,0.21245523915446657
cb_rnn,7,10,3,c0_i1_o1,191,0.3128545818304022,0.23723128044617917,0.21245523915446657
cb_rnn,7,10,4,c1_i0_o0,218,0.431039122654405,0.2691652927294991,0.21245523915446657
cb_rnn,7,10,5,c1_i0_o1,201,0.32028954672249343,0.24377387170378012,0.21245523915446657
cb_rnn,7,10,6,c1_i1_o0,223,0.3534083156874803,0.23184173006163913,0.21245523915446657
cb_rnn,7,10,7,c1_i1_o1,177,0.38734563767498587,0.23949044502259811,0.21245523915446657
cb_rnn,7,11,0,c0_i0_o0,306,0.34696186237595605,0.28632697984095146,0.21948277314308415
cb_rnn,7,11,1,c0_i0_o1,301,0.4145432217660745,0.2743281687360859,0.21948277314308415
cb_rnn,7,11,2,c0_i1_o0,304,0.4183139187917575,0.2773633555576378,0.21948277314308415
cb_rnn,7,11,3,c0_i1_o1,289,0.3233484239395634,0.25313921735571315,0.21948277314308415
cb_rnn,7,11,4,c1_i0_o0,284,0.40899241199763536,0.3058331515657605,0.21948277314308415
cb_rnn,7,11,5,c1_i0_o1,299,0.3006538274593228,0.2774946877434004,0.21948277314308415
cb_rnn,7,11,6,c1_i1_o0,305,0.38220789941221417,0.2598622235077716,0.21948277314308415
cb_rnn,7,11,7,c1_i1_o1,293,0.3993645372100443,0.27158966940931695,0.21948277314308415
cb_rnn,7,12,0,c0_i0_o0,449,0.3072199441024034,0.2557337181507523,0.24445443036721579
cb_rnn,7,12,1,c0_i0_o1,455,0.36201388275842644,0.2671933059227385,0.24445443036721579
cb_rnn,7,12,2,c0_i1_o0,426,0.42701038509293715,0.28510781485836684,0.24445443036721579
cb_rnn,7,12,3,c0_i1_o1,409,0.40016830826118294,0.26111013114314086,0.24445443036721579
cb_rnn,7,12,4,c1_i0_o0,435,0.35159044620924024,0.29523484727466054,0.24445443036721579
cb_rnn,7,12,5,c1_i0_o1,452,0.27602220008818146,0.2556292635278524,0.24445443036721579
cb_rnn,7,12,6,c1_i1_o0,440,0.4391713016202573,0.26338846401966454,0.24445443036721579
cb_rnn,7,12,7,c1_i1_o1,409,0.40310958815677667,0.26826303756538605,0.24445443036721579
cb_rnn,7,13,0,c0_i0_o0,506,0.27925180467714894,0.24792592382694303,0.30664794122402034
cb_rnn,7,13,1,c0_i0_o1,493,0.35000333193031313,0.270389991788882,0.30664794122402034
cb_rnn,7,13,2,c0_i1_o0,496,0.5410852087957052,0.31672604632439444,0.30664794122402034
cb_rnn,7,13,3,c0_i1_o1,509,0.5237315899371471,0.27181173349993815,0.30664794122402034
cb_rnn,7,13,4,c1_i0_o0,493,0.3525523492323614,0.27212451537046406,0.30664794122402034
cb_rnn,7,13,5,c1_i0_o1,528,0.26180082013857936,0.25144901813866644,0.30664794122402034
cb_rnn,7,13,6,c1_i1_o0,467,0.5478442406442015,0.30131145822945776,0.30664794122402034
cb_rnn,7,13,7,c1_i1_o1,502,0.506795234572435,0.2989117572436772,0.30664794122402034
cb_rnn,7,14,0,c0_i0_o0,523,0.2820366810989968,0.25619152153858443,0.37038871870000745
cb_rnn,7,14,1,c0_i0_o1,459,0.3566903020432254,0.25692707702332057,0.37038871870000745
cb_rnn,7,14,2,c0_i1_o0,500,0.6579939003159967,0.33165711816525145,0.37038871870000745
cb_rnn,7,14,3,c0_i1_o1,489,0.6401406683577312,0.2829447745084052,0.37038871870000745
cb_rnn,7,14,4,c1_i0_o0,545,0.33627722328155085,0.26148236668705926,0.37038871870000745
cb_rnn,7,14,5,c1_i0_o1,484,0.2780697682902212,0.2219280664962401,0.37038871870000745
cb_rnn,7,14,6,c1_i1_o0,501,0.6658237302025248,0.317219281988967,0.37038871870000745
cb_rnn,7,14,7,c1_i1_o1,493,0.6495849269496433,0.2897183894422812,0.37038871870000745
cb_rnn,7,15,0,c0_i0_o0,502,0.2829416558026592,0.2286643856721918,0.39936817700840016
cb_rnn,7,15,1,c0_i0_o1,561,0.3453958242491234,0.25645726690974824,0.39936817700840016
cb_rnn,7,15,2,c0_i1_o0,479,0.714573562592409,0.31484405596793474,0.39936817700840016
cb_rnn,7,15,3,c0_i1_o1,493,0.7138286034343564,0.2746156653161028,0.39936817700840016
cb_rnn,7,15,4,c1_i0_o0,529,0.3245246769257337,0.23535486985458368,0.39936817700840016
cb_rnn,7,15,5,c1_i0_o1,531,0.28297356528305634,0.22144196590805373,0.39936817700840016
cb_rnn,7,15,6,c1_i1_o0,538,0.7305075636822934,0.30173660952091436,0.39936817700840016
cb_rnn,7,15,7,c1_i1_o1,533,0.720323819037202,0.2848082088994958,0.39936817700840016
cb_rnn,8,2,0,c0_i0_o0,95,0.06101987364897749,0.005942237439400857,0.035157646602630675
cb_rnn,8,2,1,c0_i0_o1,98,0.07086056099826463,0.004887918966625954,0.035157646602630675
cb_rnn,8,2,2,c0_i1_o0,94,0.06040681086111255,0.005915805771649844,0.035157646602630675
cb_rnn,8,2,3,c0_i1_o1,95,0.06892561986735986,0.004198366673380153,0.035157646602630675
cb_rnn,8,2,4,c1_i0_o0,96,0.058569684435596486,0.005215605528288627,0.035157646602630675
cb_rnn,8,2,5,c1_i0_o1,83,0.05837056810211644,0.005344790555116454,0.035157646602630675
cb_rnn,8,2,6,c1_i1_o0,90,0.056510487991567326,0.0056263375445951315,0.035157646602630675
cb_rnn,8,2,7,c1_i1_o1,98,0.05939998412166194,0.005121130767656824,0.035157646602630675
cb_rnn,8,3,0,c0_i0_o0,130,0.26145578773947903,0.2925779771555824,0.10317024864788178
cb_rnn,8,3,1,c0_i0_o1,108,0.30721955625531805,0.12185428626952977,0.10317024864788178
cb_rnn,8,3,2,c0_i1_o0,131,0.2584922074305237,0.34256044910010575,0.10317024864788178
cb_rnn,8,3,3,c0_i1_o1,113,0.24485722628159498,0.13176076856744356,0.10317024864788178
cb_rnn,8,3,4,c1_i0_o0,116,0.28052447834442,0.10949575458631368,0.10317024864788178
cb_rnn,8,3,5,c1_i0_o1,143,0.2781267828609348,0.2840597540084019,0.10317024864788178
cb_rnn,8,3,6,c1_i1_o0,113,0.25691736351445776,0.11372786135739665,0.10317024864788178
cb_rnn,8,3,7,c1_i1_o1,106,0.26104473944491835,0.33658209195234773,0.10317024864788178
cb_rnn,8,4,0,c0_i0_o0,124,0.591288098733998,0.4325719016506703,0.2364244980242311
cb_rnn,8,4,1,c0_i0_o1,152,0.5797434385004925,0.338574675704904,0.2364244980242311
cb_rnn,8,4,2,c0_i1_o0,147,0.4990114170733162,0.6154587699772044,0.2364244980242311
cb_rnn,8,4,3,c0_i1_o1,124,0.443125348785096,0.38306445540443346,0.2364244980242311
cb_rnn,8,4,4,c1_i0_o0,143,0.6259720453837148,0.39076464928536225,0.2364244980242311
cb_rnn,8,4,5,c1_i0_o1,151,0.48757171589404524,0.5083346695087875,0.2364244980242311
cb_rnn,8,4,6,c1_i1_o0,141,0.5353117245768858,0.463496734679715,0.2364244980242311
cb_rnn,8,4,7,c1_i1_o1,132,0.46507235155935067,0.5679598824651357,0.2364244980242311
cb_rnn,8,5,0,c0_i0_o0,155,0.548724347711385,0.4443585468881895,0.25029953793775384
cb_rnn,8,5,1,c0_i0_o1,167,0.5810045575282632,0.36508705964493676,0.25029953793775384
cb_rnn,8,5,2,c0_i1_o0,160,0.5087877099375295,0.5637315314701056,0.25029953793775384
cb_rnn,8,5,3,c0_i1_o1,215,0.42722573143080095,0.43161429023961745,0.25029953793775384
cb_rnn,8,5,4,c1_i0_o0,195,0.6374057762835738,0.42802303442255885,0.25029953793775384
cb_rnn,8,5,5,c1_i0_o1,153,0.5292176505982129,0.37798965636841864,0.25029953793775384
cb_rnn,8,5,6,c1_i1_o0,164,0.5278294599658505,0.5083145937900273,0.25029953793775384
cb_rnn,8,5,7,c1_i1_o1,154,0.44337141837965605,0.490964773148101,0.25029953793775384
cb_rnn,8,6,0,c0_i0_o0,141,0.6390626168956943,0.35965979253659536,0.3304643328752978
cb_rnn,8,6,1,c0_i0_o1,167,0.7071175565883298,0.40846961216718874,0.3304643328752978
cb_rnn,8,6,2,c0_i1_o0,141,0.5925301076509013,0.5291598850530138,0.3304643328752978
cb_rnn,8,6,3,c0_i1_o1,135,0.42714561285906516,0.537279606628205,0.3304643328752978
cb_rnn,8,6,4,c1_i0_o0,131,0.7375452931647374,0.44421984947595805,0.3304643328752978
cb_rnn,8,6,5,c1_i0_o1,158,0.5812687066775629,0.41282364910417124,0.3304643328752978
cb_rnn,8,6,6,c1_i1_o0,135,0.47810631090296,0.5514777258364324,0.3304643328752978
cb_rnn,8,6,7,c1_i1_o1,144,0.491913285610378,0.5459149096318648,0.3304643328752978
cb_rnn,8,7,0,c0_i0_o0,129,0.5217899111488872,0.3726307586519547,0.2900818024111487
cb_rnn,8,7,1,c0_i0_o1,146,0.6075857766925811,0.3372829127428618,0.2900818024111487
cb_rnn,8,7,2,c0_i1_o0,143,0.47573919132656056,0.4594076318147451,0.2900818024111487
cb_rnn,8,7,3,c0_i1_o1,139,0.3280441448238076,0.44861847364801566,0.2900818024111487
cb_rnn,8,7,4,c1_i0_o0,147,0.6445307581441989,0.33066441042751743,0.2900818024111487
cb_rnn,8,7,5,c1_i0_o1,156,0.5040178170657474,0.3289465998981111,0.2900818024111487
cb_rnn,8,7,6,c1_i1_o0,172,0.336498711296606,0.40301601571216417,0.2900818024111487
cb_rnn,8,7,7,c1_i1_o1,120,0.42461556339498757,0.4315857972149505,0.2900818024111487
cb_rnn,8,8,0,c0_i0_o0,130,0.49968611881221264,0.3061244029917014,0.3019548138171289
cb_rnn,8,8,1,c0_i0_o1,131,0.574866272163247,0.2890751815245602,0.3019548138171289
cb_rnn,8,8,2,c0_i1_o0,144,0.47667206608702317,0.3961769050430012,0.3019548138171289
cb_rnn,8,8,3,c0_i1_o1,148,0.326463061280948,0.3697508161985505,0.3019548138171289
cb_rnn,8,8,4,c1_i0_o0,161,0.5812251360085363,0.28467926639720664,0.3019548138171289
cb_rnn,8,8,5,c1_i0_o1,145,0.4685936892109674,0.2718762522270755,0.3019548138171289
cb_rnn,8,8,6,c1_i1_o0,148,0.3445087206508862,0.3318263152529266,0.3019548138171289
cb_rnn,8,8,7,c1_i1_o1,145,0.4170827904726781,0.3679464083885175,0.3019548138171289
cb_rnn,8,9,0,c0_i0_o0,160,0.4786954990536001,0.28562907044612285,0.30798162799010875
cb_rnn,8,9,1,c0_i0_o1,168,0.5469998103777443,0.3045643134478984,0.30798162799010875
cb_rnn,8,9,2,c0_i1_o0,137,0.47708581318886595,0.4091689788012654,0.30798162799010875
cb_rnn,8,9,3,c0_i1_o1,149,0.36199257414125935,0.3928487231026103,0.30798162799010875
cb_rnn,8,9,4,c1_i0_o0,146,0.5571838010913178,0.3026416492416559,0.30798162799010875
cb_rnn,8,9,5,c1_i0_o1,130,0.4501332270262625,0.27452774791753165,0.30798162799010875
cb_rnn,8,9,6,c1_i1_o0,133,0.3619783714700491,0.3482760020594314,0.30798162799010875
cb_rnn,8,9,7,c1_i1_o1,129,0.42742927415383863,0.35662952426074723,0.30798162799010875
cb_rnn,8,10,0,c0_i0_o0,235,0.3947840280154551,0.25813097430809395,0.2876271451196156
cb_rnn,8,10,1,c0_i0_o1,202,0.4622173518524807,0.27889653437288536,0.2876271451196156
cb_rnn,8,10,2,c0_i1_o0,223,0.4703390479679255,0.38347852570172364,0.2876271451196156
cb_rnn,8,10,3,c0_i1_o1,191,0.337676441169292,0.3175399743345013,0.2876271451196156
cb_rnn,8,10,4,c1_i0_o0,218,0.46927028377138624,0.290256292792386,0.2876271451196156
cb_rnn,8,10,5,c1_i0_o1,201,0.3952931420791325,0.232422333172766,0.2876271451196156
cb_rnn,8,10,6,c1_i1_o0,223,0.3521856913516366,0.3879120429135015,0.2876271451196156
cb_rnn,8,10,7,c1_i1_o1,177,0.40684702433813813,0.37064118760061016,0.2876271451196156
cb_rnn,8,11,0,c0_i0_o0,306,0.4042742252747952,0.2898273382187683,0.3073103688975617
cb_rnn,8,11,1,c0_i0_o1,301,0.47493519783485183,0.280721139297853,0.3073103688975617
cb_rnn,8,11,2,c0_i1_o0,304,0.4809678502875403,0.3532338979123194,0.3073103688975617
cb_rnn,8,11,3,c0_i1_o1,289,0.39308289296443744,0.29928585010082775,0.3073103688975617
cb_rnn,8,11,4,c1_i0_o0,284,0.473302403711435,0.30534032282760537,0.3073103688975617
cb_rnn,8,11,5,c1_i0_o1,299,0.4046407148200147,0.2479438414219997,0.3073103688975617
cb_rnn,8,11,6,c1_i1_o0,305,0.41226267210050066,0.3499237622885081,0.3073103688975617
cb_rnn,8,11,7,c1_i1_o1,293,0.442916571889155,0.3554930542616403,0.3073103688975617
cb_rnn,8,12,0,c0_i0_o0,449,0.41560793877614116,0.24538048662467069,0.3305662355302585
cb_rnn,8,12,1,c0_i0_o1,455,0.4718094539835882,0.2542385995419956,0.3305662355302585
cb_rnn,8,12,2,c0_i1_o0,426,0.5285052540495896,0.35902190174027754,0.3305662355302585
cb_rnn,8,12,3,c0_i1_o1,409,0.45324483500013696,0.28498096465048245,0.3305662355302585
cb_rnn,8,12,4,c1_i0_o0,435,0.4834961644538993,0.28883054916660605,0.3305662355302585
cb_rnn,8,12,5,c1_i0_o1,452,0.4108019267301766,0.2181197441015361,0.3305662355302585
cb_rnn,8,12,6,c1_i1_o0,440,0.4659965409036672,0.299480617760676,0.3305662355302585
cb_rnn,8,12,7,c1_i1_o1,409,0.46599444836877857,0.3067380327936497,0.3305662355302585
cb_rnn,8,13,0,c0_i0_o0,506,0.45147761641402423,0.2299192645926767,0.37781434356153765
cb_rnn,8,13,1,c0_i0_o1,493,0.5158529816404762,0.2342019739391864,0.37781434356153765
cb_rnn,8,13,2,c0_i1_o0,496,0.5731647196806797,0.31125292572332286,0.37781434356153765
cb_rnn,8,13,3,c0_i1_o1,509,0.5112345110987334,0.26168294670672154,0.37781434356153765
cb_rnn,8,13,4,c1_i0_o0,493,0.5206204700372642,0.24609476949481976,0.37781434356153765
cb_rnn,8,13,5,c1_i0_o1,528,0.45243315925581085,0.2199286832616573,0.37781434356153765
cb_rnn,8,13,6,c1_i1_o0,467,0.5282710938541384,0.2838564738729326,0.37781434356153765
cb_rnn,8,13,7,c1_i1_o1,502,0.5149556357974496,0.30554786600322736,0.37781434356153765
cb_rnn,8,14,0,c0_i0_o0,523,0.5026557732522912,0.25983223916977066,0.4712555465658375
cb_rnn,8,14,1,c0_i0_o1,459,0.5839973718477174,0.2532994729549412,0.4712555465658375
cb_rnn,8,14,2,c0_i1_o0,500,0.7107528289756317,0.3222614364353643,0.4712555465658375
cb_rnn,8,14,3,c0_i1_o1,489,0.656898584144603,0.28236537872628215,0.4712555465658375
cb_rnn,8,14,4,c1_i0_o0,545,0.5968931902320013,0.26850231260011576,0.4712555465658375
cb_rnn,8,14,5,c1_i0_o1,484,0.524557366647196,0.239720726405774,0.4712555465658375
cb_rnn,8,14,6,c1_i1_o0,501,0.6726144120837149,0.3253103421809922,0.4712555465658375
cb_rnn,8,14,7,c1_i1_o1,493,0.6716542127678958,0.29358899529884785,0.4712555465658375
cb_rnn,8,15,0,c0_i0_o0,502,0.6009639329205301,0.26805249815740495,0.5896052599720902
cb_rnn,8,15,1,c0_i0_o1,561,0.6795480560501991,0.2798844873037283,0.5896052599720902
cb_rnn,8,15,2,c0_i1_o0,479,0.8773727991257861,0.3650468194717057,0.5896052599720902
cb_rnn,8,15,3,c0_i1_o1,493,0.8255870075040355,0.3140440836927825,0.5896052599720902
cb_rnn,8,15,4,c1_i0_o0,529,0.6957313255284873,0.2878311436546238,0.5896052599720902
cb_rnn,8,15,5,c1_i0_o1,531,0.6265880774662237,0.26610045137746297,0.5896052599720902
cb_rnn,8,15,6,c1_i1_o0,538,0.8091507696746483,0.3512567543342456,0.5896052599720902
cb_rnn,8,15,7,c1_i1_o1,533,0.8176870444951818,0.31429176386677754,0.5896052599720902
