arch,seed,N,model,r2_train,r2_test,n_features,n_train,n_test
cb_rnn,1,2,A_parity_only,0.018921600321466274,0.004840250682270255,1,579,170
cb_rnn,1,2,B_main_effects,0.18972756486371162,0.2142672728924249,3,579,170
cb_rnn,1,2,C_pairwise,0.7550039904082062,0.7604324041697097,6,579,170
cb_rnn,1,2,D_full_interaction,0.8031713855449617,0.8089661953863115,7,579,170
cb_rnn,1,2,N_next_parity_only,0.04776950225353612,0.03853840320780412,1,579,170
cb_rnn,1,3,A_parity_only,0.006506404176419955,0.0026585718998091076,1,723,237
cb_rnn,1,3,B_main_effects,0.12531201203434353,0.14572832706103245,3,723,237
cb_rnn,1,3,C_pairwise,0.2044408128797984,0.22540330288638272,6,723,237
cb_rnn,1,3,D_full_interaction,0.23150192833019184,0.23983124603970235,7,723,237
cb_rnn,1,3,N_next_parity_only,0.02275956741527616,0.005326891202365479,1,723,237
cb_rnn,1,4,A_parity_only,0.0096123760588234,0.00485449880931498,1,876,238
cb_rnn,1,4,B_main_effects,0.09657966986527433,0.09282030136916661,3,876,238
cb_rnn,1,4,C_pairwise,0.12179304427909496,0.11486139730922035,6,876,238
cb_rnn,1,4,D_full_interaction,0.20535965545959697,0.1951831360185617,7,876,238
cb_rnn,1,4,N_next_parity_only,0.08461596482962994,0.07810312324727497,1,876,238
cb_rnn,1,5,A_parity_only,0.005875540669006113,-0.0021923008308541627,1,1139,224
cb_rnn,1,5,B_main_effects,0.09291208222777525,0.08025229007509706,3,1139,224
cb_rnn,1,5,C_pairwise,0.10403734000708093,0.08172768345387535,6,1139,224
cb_rnn,1,5,D_full_interaction,0.21654503863720015,0.19506117747228036,7,1139,224
cb_rnn,1,5,N_next_parity_only,0.1109589361131451,0.10839637116270695,1,1139,224
cb_rnn,1,6,A_parity_only,0.006648051199199272,-0.004068150641042358,1,915,237
cb_rnn,1,6,B_main_effects,0.12042843363388224,0.10354075243812669,3,915,237
cb_rnn,1,6,C_pairwise,0.13016942051831323,0.10810618099491717,6,915,237
cb_rnn,1,6,D_full_interaction,0.2550746943511842,0.23446753152455008,7,915,237
cb_rnn,1,6,N_next_parity_only,0.127031430080359,0.11230871740935042,1,915,237
cb_rnn,1,7,A_parity_only,0.008632140821498272,0.00290284364606222,1,915,237
cb_rnn,1,7,B_main_effects,0.1310170558198432,0.12711738296737057,3,915,237
cb_rnn,1,7,C_pairwise,0.13772090737145032,0.12598580824377692,6,915,237
cb_rnn,1,7,D_full_interaction,0.2598573131016061,0.2587868494303161,7,915,237
cb_rnn,1,7,N_next_parity_only,0.12574387060038975,0.12793597258844633,1,915,237
cb_rnn,1,8,A_parity_only,0.008748977771064677,0.003343390793687319,1,915,237
cb_rnn,1,8,B_main_effects,0.16711409660377674,0.15806489125159945,3,915,237
cb_rnn,1,8,C_pairwise,0.17228484024668614,0.15968642307036957,6,915,237
cb_rnn,1,8,D_full_interaction,0.3295463739019602,0.31472143734874225,7,915,237
cb_rnn,1,8,N_next_parity_only,0.1563008315408656,0.14560230163337412,1,915,237
cb_rnn,1,9,A_parity_only,0.005061581783148226,-0.001156740228369096,1,915,237
cb_rnn,1,9,B_main_effects,0.19413718841500632,0.1950746534390378,3,915,237
cb_rnn,1,9,C_pairwise,0.19823268144664338,0.19174565029094207,6,915,237
cb_rnn,1,9,D_full_interaction,0.33684991013550053,0.33594702583725533,7,915,237
cb_rnn,1,9,N_next_parity_only,0.1374180718614516,0.1361703409291206,1,915,237
cb_rnn,1,10,A_parity_only,0.00338402027408324,0.0026152157921424685,1,1443,227
cb_rnn,1,10,B_main_effects,0.2481484813434886,0.2537502973507614,3,1443,227
cb_rnn,1,10,C_pairwise,0.2553078379016537,0.25285879245849663,6,1443,227
cb_rnn,1,10,D_full_interaction,0.3773473170974833,0.38465826696103955,7,1443,227
cb_rnn,1,10,N_next_parity_only,0.12632750397583725,0.12710446994436927,1,1443,227
cb_rnn,1,11,A_parity_only,0.004027674638696927,-0.0022926648944435937,1,1652,729
cb_rnn,1,11,B_main_effects,0.283728003414556,0.2868157815964336,3,1652,729
cb_rnn,1,11,C_pairwise,0.28654353056043985,0.28511261502616864,6,1652,729
cb_rnn,1,11,D_full_interaction,0.40034640461626597,0.3982270813547148,7,1652,729
cb_rnn,1,11,N_next_parity_only,0.1137514432510656,0.11185631111853328,1,1652,729
cb_rnn,1,12,A_parity_only,0.002302439317931511,0.0011958491453299483,1,2691,784
cb_rnn,1,12,B_main_effects,0.3392567736820978,0.34688234399647666,3,2691,784
cb_rnn,1,12,C_pairwise,0.3413103279440889,0.34808989557028425,6,2691,784
cb_rnn,1,12,D_full_interaction,0.44131659582376626,0.4429420265358846,7,2691,784
cb_rnn,1,12,N_next_parity_only,0.10063387542744695,0.09443143090875786,1,2691,784
cb_rnn,1,13,A_parity_only,0.00127974844725472,-0.0036838972220275355,1,3167,827
cb_rnn,1,13,B_main_effects,0.3682596415014825,0.36436072351222626,3,3167,827
cb_rnn,1,13,C_pairwise,0.3701949376643986,0.3663474920532745,6,3167,827
cb_rnn,1,13,D_full_interaction,0.4528904931881518,0.44457323989369013,7,3167,827
cb_rnn,1,13,N_next_parity_only,0.0827602432692956,0.07373513925217187,1,3167,827
cb_rnn,1,14,A_parity_only,0.0005686564971881421,-0.003461285632544466,1,3167,827
cb_rnn,1,14,B_main_effects,0.3874391521243513,0.3955362502556933,3,3167,827
cb_rnn,1,14,C_pairwise,0.38894885775331633,0.3955900806317727,6,3167,827
cb_rnn,1,14,D_full_interaction,0.4662218946453368,0.4803702994944796,7,3167,827
cb_rnn,1,14,N_next_parity_only,0.07733784598864266,0.08066074529290039,1,3167,827
cb_rnn,1,15,A_parity_only,0.0007481299607012444,-0.0032305699180021647,1,3339,827
cb_rnn,1,15,B_main_effects,0.40367980826549754,0.41390607156823145,3,3339,827
cb_rnn,1,15,C_pairwise,0.4051139718327348,0.41397449556498533,6,3339,827
cb_rnn,1,15,D_full_interaction,0.48331242930849333,0.5017162112784255,7,3339,827
cb_rnn,1,15,N_next_parity_only,0.079023823718361,0.082453614133651,1,3339,827
cb_rnn,2,2,A_parity_only,0.02205404713633795,0.010465838650715115,1,579,170
cb_rnn,2,2,B_main_effects,0.13658478484062325,0.16183662762934886,3,579,170
cb_rnn,2,2,C_pairwise,0.8880934311280226,0.8920067287872349,6,579,170
cb_rnn,2,2,D_full_interaction,0.9028185121856547,0.9076721337971712,7,579,170
cb_rnn,2,2,N_next_parity_only,0.01455600639007753,0.0046289436010687,1,579,170
cb_rnn,2,3,A_parity_only,0.0036069063443227092,-0.002027002282733571,1,723,237
cb_rnn,2,3,B_main_effects,0.08792817719014195,0.07722212037373564,3,723,237
cb_rnn,2,3,C_pairwise,0.19278858862717335,0.19051472263287408,6,723,237
cb_rnn,2,3,D_full_interaction,0.20801661071361063,0.20965793639178593,7,723,237
cb_rnn,2,3,N_next_parity_only,0.011576071751304318,0.014396100423783174,1,723,237
cb_rnn,2,4,A_parity_only,0.0042918892203125825,-0.0001965207239088343,1,876,238
cb_rnn,2,4,B_main_effects,0.07286997335874153,0.07531090510034463,3,876,238
cb_rnn,2,4,C_pairwise,0.10846287736032427,0.10952812659527088,6,876,238
cb_rnn,2,4,D_full_interaction,0.13202355149939893,0.13049593753328173,7,876,238
cb_rnn,2,4,N_next_parity_only,0.02483445609722663,0.02098851212116308,1,876,238
cb_rnn,2,5,A_parity_only,0.003128225703795012,-0.0018613385504381592,1,1139,224
cb_rnn,2,5,B_main_effects,0.08617398341062363,0.08811295166633859,3,1139,224
cb_rnn,2,5,C_pairwise,0.10441054791124191,0.09634160922324529,6,1139,224
cb_rnn,2,5,D_full_interaction,0.1628890566105051,0.14748914351692405,7,1139,224
cb_rnn,2,5,N_next_parity_only,0.057393424307099136,0.04787125301064378,1,1139,224
cb_rnn,2,6,A_parity_only,0.00744680984698326,-0.0020289928011005907,1,915,237
cb_rnn,2,6,B_main_effects,0.12271388729523391,0.10810246262120929,3,915,237
cb_rnn,2,6,C_pairwise,0.1358626188896997,0.11197642028849163,6,915,237
cb_rnn,2,6,D_full_interaction,0.22440110255089768,0.19867160764444836,7,915,237
cb_rnn,2,6,N_next_parity_only,0.08979988012933449,0.07738940969406186,1,915,237
cb_rnn,2,7,A_parity_only,0.011549312368922801,0.004376086642752774,1,915,237
cb_rnn,2,7,B_main_effects,0.13033214084060452,0.1388064647217101,3,915,237
cb_rnn,2,7,C_pairwise,0.13625858329972262,0.14071547961875236,6,915,237
cb_rnn,2,7,D_full_interaction,0.23338807924847754,0.24074652044175107,7,915,237
cb_rnn,2,7,N_next_parity_only,0.10076933633354801,0.09655159647174084,1,915,237
cb_rnn,2,8,A_parity_only,0.009206974738025562,0.0039289386074195486,1,915,237
cb_rnn,2,8,B_main_effects,0.1536617950370987,0.13893584786139676,3,915,237
cb_rnn,2,8,C_pairwise,0.15861135717810476,0.1414988204356695,6,915,237
cb_rnn,2,8,D_full_interaction,0.28028228405388556,0.25869079104446296,7,915,237
cb_rnn,2,8,N_next_parity_only,0.12116965815209746,0.11244492352980694,1,915,237
cb_rnn,2,9,A_parity_only,0.005596846462268176,0.0002971389159733863,1,915,237
cb_rnn,2,9,B_main_effects,0.1409434502949177,0.13727830036215022,3,915,237
cb_rnn,2,9,C_pairwise,0.14586371776103874,0.13470487767448908,6,915,237
cb_rnn,2,9,D_full_interaction,0.24506780062909686,0.24073947884509322,7,915,237
cb_rnn,2,9,N_next_parity_only,0.09818014516838082,0.1003416491639038,1,915,237
cb_rnn,2,10,A_parity_only,0.004006050087313773,0.00517467768399652,1,1443,227
cb_rnn,2,10,B_main_effects,0.16316372993071532,0.1718829771779649,3,1443,227
cb_rnn,2,10,C_pairwise,0.17093650282069647,0.173799476632155,6,1443,227
cb_rnn,2,10,D_full_interaction,0.25113136165330074,0.2570415776353324,7,1443,227
cb_rnn,2,10,N_next_parity_only,0.08312277443921923,0.08077328797192099,1,1443,227
cb_rnn,2,11,A_parity_only,0.0033695372736722348,-0.0022670976768260596,1,1652,729
cb_rnn,2,11,B_main_effects,0.16251522496737392,0.16193078092639204,3,1652,729
cb_rnn,2,11,C_pairwise,0.16764461228082211,0.16325522739784812,6,1652,729
cb_rnn,2,11,D_full_interaction,0.24091565792351327,0.23971317365706182,7,1652,729
cb_rnn,2,11,N_next_parity_only,0.07302365031587771,0.07375059165946907,1,1652,729
cb_rnn,2,12,A_parity_only,0.00287758900629065,0.001496345928679187,1,2691,784
cb_rnn,2,12,B_main_effects,0.20417264033197294,0.19926820204361767,3,2691,784
cb_rnn,2,12,C_pairwise,0.20761556526411196,0.20166433204265655,6,2691,784
cb_rnn,2,12,D_full_interaction,0.273518216349101,0.26676012528563126,7,2691,784
cb_rnn,2,12,N_next_parity_only,0.06587950507928024,0.06342097861081107,1,2691,784
cb_rnn,2,13,A_parity_only,0.003411803349657421,-0.0015814657003628517,1,3167,827
cb_rnn,2,13,B_main_effects,0.26950290712382974,0.26251770552547155,3,3167,827
cb_rnn,2,13,C_pairwise,0.2729601260007353,0.2628939615766603,6,3167,827
cb_rnn,2,13,D_full_interaction,0.3279487129695805,0.30696307188358196,7,3167,827
cb_rnn,2,13,N_next_parity_only,0.05476609835239879,0.04005169159321974,1,3167,827
cb_rnn,2,14,A_parity_only,0.0028996889529003013,-0.0010555226308824068,1,3167,827
cb_rnn,2,14,B_main_effects,0.2810255664047614,0.29082734577158237,3,3167,827
cb_rnn,2,14,C_pairwise,0.2843612169158015,0.29346880662302033,6,3167,827
cb_rnn,2,14,D_full_interaction,0.3311463497254882,0.34260531934403693,7,3167,827
cb_rnn,2,14,N_next_parity_only,0.04677008039476786,0.045854538028174505,1,3167,827
cb_rnn,2,15,A_parity_only,0.0031948282471645773,0.00021959911646278994,1,3339,827
cb_rnn,2,15,B_main_effects,0.29025791788751226,0.3010035290258483,3,3339,827
cb_rnn,2,15,C_pairwise,0.29287489455374993,0.30203291635134577,6,3339,827
cb_rnn,2,15,D_full_interaction,0.3521222930838137,0.3639035735099697,7,3339,827
cb_rnn,2,15,N_next_parity_only,0.059985565160499944,0.05684965690253122,1,3339,827
cb_rnn,3,2,A_parity_only,0.013673726293019816,0.010031380482323495,1,579,170
cb_rnn,3,2,B_main_effects,0.1298530579306601,0.1514637787691661,3,579,170
cb_rnn,3,2,C_pairwise,0.8610073785422003,0.862037636149658,6,579,170
cb_rnn,3,2,D_full_interaction,0.9410150326417086,0.9390797643917794,7,579,170
cb_rnn,3,2,N_next_parity_only,0.08050537610391778,0.06511486814657776,1,579,170
cb_rnn,3,3,A_parity_only,0.008552854207915916,0.011160047530117869,1,723,237
cb_rnn,3,3,B_main_effects,0.13288524960761405,0.12120201750880405,3,723,237
cb_rnn,3,3,C_pairwise,0.19363428816739198,0.19378358243831234,6,723,237
cb_rnn,3,3,D_full_interaction,0.2826080136737946,0.2887613219710758,7,723,237
cb_rnn,3,3,N_next_parity_only,0.08363730785563368,0.09933777533060432,1,723,237
cb_rnn,3,4,A_parity_only,0.019896245152848078,0.01603074467810208,1,876,238
cb_rnn,3,4,B_main_effects,0.14957513996864175,0.13759555201920382,3,876,238
cb_rnn,3,4,C_pairwise,0.17192546807426443,0.15271728340341756,6,876,238
cb_rnn,3,4,D_full_interaction,0.2859411740719693,0.2619039741172603,7,876,238
cb_rnn,3,4,N_next_parity_only,0.11999203113229029,0.10592611712315012,1,876,238
cb_rnn,3,5,A_parity_only,0.005878687686593376,0.00348499251202845,1,1139,224
cb_rnn,3,5,B_main_effects,0.13093575485953193,0.1323414155922176,3,1139,224
cb_rnn,3,5,C_pairwise,0.14505737258085216,0.1334838358725441,6,1139,224
cb_rnn,3,5,D_full_interaction,0.2689479193278296,0.24196275475317142,7,1139,224
cb_rnn,3,5,N_next_parity_only,0.12065272606047159,0.1037583879109504,1,1139,224
cb_rnn,3,6,A_parity_only,0.010283379416669692,-0.001206040861220465,1,915,237
cb_rnn,3,6,B_main_effects,0.16884459287749753,0.1450095342215334,3,915,237
cb_rnn,3,6,C_pairwise,0.17879076807729766,0.14672236226155197,6,915,237
cb_rnn,3,6,D_full_interaction,0.27410916954437203,0.24458832565663108,7,915,237
cb_rnn,3,6,N_next_parity_only,0.09727923465064613,0.0906155490722954,1,915,237
cb_rnn,3,7,A_parity_only,0.01049000877122993,-0.0016759175890822178,1,915,237
cb_rnn,3,7,B_main_effects,0.20979902974524967,0.2124646417950446,3,915,237
cb_rnn,3,7,C_pairwise,0.2164610919310711,0.21274115504121985,6,915,237
cb_rnn,3,7,D_full_interaction,0.3259520195921291,0.32113298516228195,7,915,237
cb_rnn,3,7,N_next_parity_only,0.1157099332295741,0.10488763389436702,1,915,237
cb_rnn,3,8,A_parity_only,0.005182698312442339,0.0034381471104308597,1,915,237
cb_rnn,3,8,B_main_effects,0.28630693257600615,0.27322421487625637,3,915,237
cb_rnn,3,8,C_pairwise,0.29003969480355407,0.27493948817121394,6,915,237
cb_rnn,3,8,D_full_interaction,0.39733437738708133,0.3830731209175508,7,915,237
cb_rnn,3,8,N_next_parity_only,0.10694336634661866,0.10331046642393993,1,915,237
cb_rnn,3,9,A_parity_only,0.0059229986395025625,-0.0005162279734005626,1,915,237
cb_rnn,3,9,B_main_effects,0.3117719852132391,0.313967091462027,3,915,237
cb_rnn,3,9,C_pairwise,0.31667754003833265,0.3124173880627232,6,915,237
cb_rnn,3,9,D_full_interaction,0.4057190895419749,0.40883809498681534,7,915,237
cb_rnn,3,9,N_next_parity_only,0.08801940922951978,0.09246971267044973,1,915,237
cb_rnn,3,10,A_parity_only,0.004302902933544505,0.004407976280519758,1,1443,227
cb_rnn,3,10,B_main_effects,0.3282339055540072,0.3400079160230196,3,1443,227
cb_rnn,3,10,C_pairwise,0.3319891848399819,0.33925791263847493,6,1443,227
cb_rnn,3,10,D_full_interaction,0.4167981137944088,0.42844199021827367,7,1443,227
cb_rnn,3,10,N_next_parity_only,0.08621139671848238,0.08450999555907562,1,1443,227
cb_rnn,3,11,A_parity_only,0.002283155293512718,-0.0011688114174642703,1,1652,729
cb_rnn,3,11,B_main_effects,0.3248741190425542,0.33236020759526486,3,1652,729
cb_rnn,3,11,C_pairwise,0.32807248052238114,0.33069261397462874,6,1652,729
cb_rnn,3,11,D_full_interaction,0.40932952795035243,0.40227375548217714,7,1652,729
cb_rnn,3,11,N_next_parity_only,0.08133007708865797,0.06995689343248063,1,1652,729
cb_rnn,3,12,A_parity_only,0.002950879344077808,0.0004896956214533611,1,2691,784
cb_rnn,3,12,B_main_effects,0.3297272739663736,0.3267660311130464,3,2691,784
cb_rnn,3,12,C_pairwise,0.33293478219005157,0.32852454210787035,6,2691,784
cb_rnn,3,12,D_full_interaction,0.4104305533664537,0.40265829931111147,7,2691,784
cb_rnn,3,12,N_next_parity_only,0.07838086989534042,0.07301399874526666,1,2691,784
cb_rnn,3,13,A_parity_only,0.0011789085470055704,-0.0005508346898538477,1,3167,827
cb_rnn,3,13,B_main_effects,0.33005707403881357,0.3185518894001132,3,3167,827
cb_rnn,3,13,C_pairwise,0.3323254288081655,0.31931771422468336,6,3167,827
cb_rnn,3,13,D_full_interaction,0.39888848660844833,0.3802059465000102,7,3167,827
cb_rnn,3,13,N_next_parity_only,0.06659057586232991,0.06169125656132311,1,3167,827
cb_rnn,3,14,A_parity_only,0.0008831647899894754,-0.0008698751510656435,1,3167,827
cb_rnn,3,14,B_main_effects,0.32623342255761584,0.3285644773400573,3,3167,827
cb_rnn,3,14,C_pairwise,0.3285020081216403,0.330449581474373,6,3167,827
cb_rnn,3,14,D_full_interaction,0.3870349737747164,0.391928028154347,7,3167,827
cb_rnn,3,14,N_next_parity_only,0.05913042641210222,0.05766187350581821,1,3167,827
cb_rnn,3,15,A_parity_only,0.0011826242038098372,8.6278730773744e-05,1,3339,827
cb_rnn,3,15,B_main_effects,0.3402089007784575,0.35789083004692845,3,3339,827
cb_rnn,3,15,C_pairwise,0.341972420607469,0.3588575125305907,6,3339,827
cb_rnn,3,15,D_full_interaction,0.3981162754928579,0.4129908425753276,7,3339,827
cb_rnn,3,15,N_next_parity_only,0.05546361132461074,0.0521226236302881,1,3339,827
cb_rnn,4,2,A_parity_only,0.02231600328410039,0.005514202534110004,1,579,170
cb_rnn,4,2,B_main_effects,0.1761126977508951,0.19560989285111183,3,579,170
cb_rnn,4,2,C_pairwise,0.8754972788232667,0.8734260329995233,6,579,170
cb_rnn,4,2,D_full_interaction,0.9253010819655538,0.9234460157348601,7,579,170
cb_rnn,4,2,N_next_parity_only,0.049837118182713774,0.03495162107032393,1,579,170
cb_rnn,4,3,A_parity_only,0.009036146862245948,0.005373418953028265,1,723,237
cb_rnn,4,3,B_main_effects,0.162925060859545,0.18083253545702815,3,723,237
cb_rnn,4,3,C_pairwise,0.2540529960460255,0.2860075613773125,6,723,237
cb_rnn,4,3,D_full_interaction,0.29817613269087456,0.32463756223354684,7,723,237
cb_rnn,4,3,N_next_parity_only,0.03735326691046635,0.029169313575361386,1,723,237
cb_rnn,4,4,A_parity_only,0.008971447357323113,0.003952234431621052,1,876,238
cb_rnn,4,4,B_main_effects,0.1231510279234353,0.11235530407577338,3,876,238
cb_rnn,4,4,C_pairwise,0.14741299844844857,0.13530363325114814,6,876,238
cb_rnn,4,4,D_full_interaction,0.22445199719600512,0.20588214422080736,7,876,238
cb_rnn,4,4,N_next_parity_only,0.07782611024337786,0.07105024115647743,1,876,238
cb_rnn,4,5,A_parity_only,0.008516934015878197,-0.0004728050061628755,1,1139,224
cb_rnn,4,5,B_main_effects,0.10752694041255584,0.0992068544110781,3,1139,224
cb_rnn,4,5,C_pairwise,0.11845270997230055,0.1005877882822877,6,1139,224
cb_rnn,4,5,D_full_interaction,0.23229716170070921,0.19838891068055275,7,1139,224
cb_rnn,4,5,N_next_parity_only,0.11520766169971874,0.09820284067420836,1,1139,224
cb_rnn,4,6,A_parity_only,0.005041052465230683,-0.004645288192027166,1,915,237
cb_rnn,4,6,B_main_effects,0.10750754536870219,0.07841015670181359,3,915,237
cb_rnn,4,6,C_pairwise,0.1155373903320186,0.07790793380565261,6,915,237
cb_rnn,4,6,D_full_interaction,0.23404765551993018,0.19864846760449625,7,915,237
cb_rnn,4,6,N_next_parity_only,0.1200459695871454,0.10887894766862997,1,915,237
cb_rnn,4,7,A_parity_only,0.0045540732162653915,-0.006985012136574511,1,915,237
cb_rnn,4,7,B_main_effects,0.1266641231285159,0.12234677398629283,3,915,237
cb_rnn,4,7,C_pairwise,0.13552885090247324,0.1219530783209779,6,915,237
cb_rnn,4,7,D_full_interaction,0.24387868572642996,0.2369668622979382,7,915,237
cb_rnn,4,7,N_next_parity_only,0.11001963717246413,0.10838527213178639,1,915,237
cb_rnn,4,8,A_parity_only,0.0016847033736149888,-0.0029996552172548065,1,915,237
cb_rnn,4,8,B_main_effects,0.17733353105535637,0.1645262753062879,3,915,237
cb_rnn,4,8,C_pairwise,0.1827237420073972,0.1650819604741116,6,915,237
cb_rnn,4,8,D_full_interaction,0.3162830076918259,0.28851881512881794,7,915,237
cb_rnn,4,8,N_next_parity_only,0.13196335664487396,0.12232135813506284,1,915,237
cb_rnn,4,9,A_parity_only,0.002051085600808777,-0.0008845357723221928,1,915,237
cb_rnn,4,9,B_main_effects,0.1955221418871445,0.1975142805978659,3,915,237
cb_rnn,4,9,C_pairwise,0.201442225398773,0.19594214833224854,6,915,237
cb_rnn,4,9,D_full_interaction,0.31645860319590136,0.3117627835382458,7,915,237
cb_rnn,4,9,N_next_parity_only,0.11321939738290779,0.10891951491899053,1,915,237
cb_rnn,4,10,A_parity_only,0.0034310106017922445,0.003261764141950405,1,1443,227
cb_rnn,4,10,B_main_effects,0.21701530456375184,0.23275796499537577,3,1443,227
cb_rnn,4,10,C_pairwise,0.2202925960955484,0.2306403121202099,6,1443,227
cb_rnn,4,10,D_full_interaction,0.3232118438152049,0.34487167701362165,7,1443,227
cb_rnn,4,10,N_next_parity_only,0.1045149624212677,0.10976579428202052,1,1443,227
cb_rnn,4,11,A_parity_only,0.0034026981544711867,-0.0005889605260070482,1,1652,729
cb_rnn,4,11,B_main_effects,0.2317044154577224,0.2375416710723427,3,1652,729
cb_rnn,4,11,C_pairwise,0.23495742569763553,0.23676159106670103,6,1652,729
cb_rnn,4,11,D_full_interaction,0.33748939292967495,0.32871633012806645,7,1652,729
cb_rnn,4,11,N_next_parity_only,0.1028476887346794,0.08881443820433595,1,1652,729
cb_rnn,4,12,A_parity_only,0.002830119812100374,-0.0005370555975027311,1,2691,784
cb_rnn,4,12,B_main_effects,0.2520986020454725,0.2478582466959353,3,2691,784
cb_rnn,4,12,C_pairwise,0.25544623452907955,0.2487922055916703,6,2691,784
cb_rnn,4,12,D_full_interaction,0.35329030839869063,0.3339402245647232,7,2691,784
cb_rnn,4,12,N_next_parity_only,0.09862587817307361,0.08359801028198471,1,2691,784
cb_rnn,4,13,A_parity_only,0.002460423062665147,0.00025616588705324253,1,3167,827
cb_rnn,4,13,B_main_effects,0.28289122460315175,0.26716132600750797,3,3167,827
cb_rnn,4,13,C_pairwise,0.2866082235200891,0.26764488064152087,6,3167,827
cb_rnn,4,13,D_full_interaction,0.3866429619916186,0.3625858919332574,7,3167,827
cb_rnn,4,13,N_next_parity_only,0.10013558243747747,0.08764108441541646,1,3167,827
cb_rnn,4,14,A_parity_only,0.0013045616897438758,-0.001295754801350574,1,3167,827
cb_rnn,4,14,B_main_effects,0.2924469873742531,0.29419905639107313,3,3167,827
cb_rnn,4,14,C_pairwise,0.2970162103722248,0.2979746056671302,6,3167,827
cb_rnn,4,14,D_full_interaction,0.3702675609845433,0.37614944083170543,7,3167,827
cb_rnn,4,14,N_next_parity_only,0.07276586074956219,0.07722924615679252,1,3167,827
cb_rnn,4,15,A_parity_only,0.0004766508310356365,-0.003009769600560812,1,3339,827
cb_rnn,4,15,B_main_effects,0.3181874460533679,0.32082907936860733,3,3339,827
cb_rnn,4,15,C_pairwise,0.32476114255810207,0.32475426911965466,6,3339,827
cb_rnn,4,15,D_full_interaction,0.39837510121532327,0.3971128499908663,7,3339,827
cb_rnn,4,15,N_next_parity_only,0.07591286899411678,0.06875559244018473,1,3339,827
cb_rnn,5,2,A_parity_only,0.016081603118397896,0.0017185153998958373,1,579,170
cb_rnn,5,2,B_main_effects,0.10720615272341946,0.11170175507740249,3,579,170
cb_rnn,5,2,C_pairwise,0.9061567244287447,0.9058025437847184,6,579,170
cb_rnn,5,2,D_full_interaction,0.9626437950139324,0.9627172527218415,7,579,170
cb_rnn,5,2,N_next_parity_only,0.05724759454915341,0.04219164114230604,1,579,170
cb_rnn,5,3,A_parity_only,0.0033299055606219614,0.0011037732106782012,1,723,237
cb_rnn,5,3,B_main_effects,0.12549175543137397,0.10151267968764031,3,723,237
cb_rnn,5,3,C_pairwise,0.2148369814413707,0.21315609877791614,6,723,237
cb_rnn,5,3,D_full_interaction,0.24806440775696892,0.2576116067657539,7,723,237
cb_rnn,5,3,N_next_parity_only,0.02739099406699274,0.04377045893530891,1,723,237
cb_rnn,5,4,A_parity_only,0.0088602534081287,0.00037740404699686085,1,876,238
cb_rnn,5,4,B_main_effects,0.1359440160343008,0.12974449203323946,3,876,238
cb_rnn,5,4,C_pairwise,0.17190455369558286,0.16141005947736942,6,876,238
cb_rnn,5,4,D_full_interaction,0.22358406270032916,0.20261751019398133,7,876,238
cb_rnn,5,4,N_next_parity_only,0.05466918230312772,0.041834771983646664,1,876,238
cb_rnn,5,5,A_parity_only,0.005527564169632352,0.0013764066984811932,1,1139,224
cb_rnn,5,5,B_main_effects,0.1661634588676228,0.1625679936443553,3,1139,224
cb_rnn,5,5,C_pairwise,0.1761959148611953,0.16329871825581874,6,1139,224
cb_rnn,5,5,D_full_interaction,0.26313700642132726,0.22321323086341352,7,1139,224
cb_rnn,5,5,N_next_parity_only,0.08665894504274914,0.0585683985174543,1,1139,224
cb_rnn,5,6,A_parity_only,0.007957953527208246,0.0006986877676064644,1,915,237
cb_rnn,5,6,B_main_effects,0.20293526146972315,0.18962301415605243,3,915,237
cb_rnn,5,6,C_pairwise,0.2128975142037621,0.19256323763999292,6,915,237
cb_rnn,5,6,D_full_interaction,0.29428986073912344,0.2707099320513292,7,915,237
cb_rnn,5,6,N_next_parity_only,0.08156795070983758,0.07439340212591321,1,915,237
cb_rnn,5,7,A_parity_only,0.008721446429012078,-0.0007160994541673578,1,915,237
cb_rnn,5,7,B_main_effects,0.20325668543033032,0.20940658804960055,3,915,237
cb_rnn,5,7,C_pairwise,0.2083602004966942,0.21035968735577212,6,915,237
cb_rnn,5,7,D_full_interaction,0.2997367723904382,0.3008663697603454,7,915,237
cb_rnn,5,7,N_next_parity_only,0.09682686267098128,0.08852763173262418,1,915,237
cb_rnn,5,8,A_parity_only,0.004738101445938517,0.0031155177759382806,1,915,237
cb_rnn,5,8,B_main_effects,0.22739666547775264,0.21822035080091748,3,915,237
cb_rnn,5,8,C_pairwise,0.23179515909592907,0.2200495653508846,6,915,237
cb_rnn,5,8,D_full_interaction,0.33566678646369813,0.32194569247170446,7,915,237
cb_rnn,5,8,N_next_parity_only,0.10494594732396846,0.09714690335346346,1,915,237
cb_rnn,5,9,A_parity_only,0.004738519177709864,0.0007866615250185921,1,915,237
cb_rnn,5,9,B_main_effects,0.23191629938929728,0.2246638604925682,3,915,237
cb_rnn,5,9,C_pairwise,0.2363811823341945,0.22423532430812754,6,915,237
cb_rnn,5,9,D_full_interaction,0.337357939069648,0.32231570624625333,7,915,237
cb_rnn,5,9,N_next_parity_only,0.10193516171162659,0.09398919461856281,1,915,237
cb_rnn,5,10,A_parity_only,0.003935192696869991,0.003916189010236696,1,1443,227
cb_rnn,5,10,B_main_effects,0.2633932173848717,0.2709666217648904,3,1443,227
cb_rnn,5,10,C_pairwise,0.26705557980124534,0.2676498591100678,6,1443,227
cb_rnn,5,10,D_full_interaction,0.3506545804284305,0.3509911373390442,7,1443,227
cb_rnn,5,10,N_next_parity_only,0.08505144786447935,0.07913950669582945,1,1443,227
cb_rnn,5,11,A_parity_only,0.00574942397312426,-0.0018058281360362454,1,1652,729
cb_rnn,5,11,B_main_effects,0.25906556968215055,0.2686453541051198,3,1652,729
cb_rnn,5,11,C_pairwise,0.2637110445225429,0.26495897085966413,6,1652,729
cb_rnn,5,11,D_full_interaction,0.33914943806492703,0.3462297506616028,7,1652,729
cb_rnn,5,11,N_next_parity_only,0.07618564122453206,0.07347426500174595,1,1652,729
cb_rnn,5,12,A_parity_only,0.00404542422960022,0.002247669601136631,1,2691,784
cb_rnn,5,12,B_main_effects,0.29222398862891374,0.28057788438246767,3,2691,784
cb_rnn,5,12,C_pairwise,0.2950715593067338,0.28410024517538,6,2691,784
cb_rnn,5,12,D_full_interaction,0.36457866492506463,0.3531999696334859,7,2691,784
cb_rnn,5,12,N_next_parity_only,0.06990500532240315,0.06773675831101286,1,2691,784
cb_rnn,5,13,A_parity_only,0.0020268948857909298,-0.002097535360381769,1,3167,827
cb_rnn,5,13,B_main_effects,0.336816795443868,0.3147285413950023,3,3167,827
cb_rnn,5,13,C_pairwise,0.33963305241575525,0.3171282055131071,6,3167,827
cb_rnn,5,13,D_full_interaction,0.3953655147051776,0.3690282072563533,7,3167,827
cb_rnn,5,13,N_next_parity_only,0.05552967478852253,0.04540338860310266,1,3167,827
cb_rnn,5,14,A_parity_only,0.002639333200120787,-0.00021093415551077556,1,3167,827
cb_rnn,5,14,B_main_effects,0.34901148739018567,0.3597125645469684,3,3167,827
cb_rnn,5,14,C_pairwise,0.3520849029286152,0.362037873183814,6,3167,827
cb_rnn,5,14,D_full_interaction,0.3938223923933663,0.4051369876054509,7,3167,827
cb_rnn,5,14,N_next_parity_only,0.041395594847240064,0.04227948792378707,1,3167,827
cb_rnn,5,15,A_parity_only,0.0031930647087137914,-0.0005794083945480297,1,3339,827
cb_rnn,5,15,B_main_effects,0.3544934134801738,0.36739448961682886,3,3339,827
cb_rnn,5,15,C_pairwise,0.3576329615178341,0.37026541570706234,6,3339,827
cb_rnn,5,15,D_full_interaction,0.3882331679733321,0.4000294144410044,7,3339,827
cb_rnn,5,15,N_next_parity_only,0.03167338482082824,0.02526386325899034,1,3339,827
cb_rnn,6,2,A_parity_only,0.010040201613427042,0.0015631145678041691,1,579,170
cb_rnn,6,2,B_main_effects,0.15720433941960954,0.17358707523530162,3,579,170
cb_rnn,6,2,C_pairwise,0.8739742960456075,0.8760608382434005,6,579,170
cb_rnn,6,2,D_full_interaction,0.9420386459021637,0.9405612570406658,7,579,170
cb_rnn,6,2,N_next_parity_only,0.06760656873370495,0.055108426328733084,1,579,170
cb_rnn,6,3,A_parity_only,0.004619377905360976,-0.0034636729621802097,1,723,237
cb_rnn,6,3,B_main_effects,0.13143189033007388,0.12710514398943046,3,723,237
cb_rnn,6,3,C_pairwise,0.31628481488730587,0.32311729155389546,6,723,237
cb_rnn,6,3,D_full_interaction,0.34007057777389965,0.3508182954685739,7,723,237
cb_rnn,6,3,N_next_parity_only,0.01967284562132507,0.021841995914926436,1,723,237
cb_rnn,6,4,A_parity_only,0.007762692991211179,0.004745576690044278,1,876,238
cb_rnn,6,4,B_main_effects,0.11916508675828588,0.11368949132508033,3,876,238
cb_rnn,6,4,C_pairwise,0.16557764813074144,0.15366628508865693,6,876,238
cb_rnn,6,4,D_full_interaction,0.19185178820288495,0.17812513932773114,7,876,238
cb_rnn,6,4,N_next_parity_only,0.02670508303317402,0.025880655753592396,1,876,238
cb_rnn,6,5,A_parity_only,0.005414858989027089,-0.0013940819359411789,1,1139,224
cb_rnn,6,5,B_main_effects,0.13037606075236077,0.11959913416030109,3,1139,224
cb_rnn,6,5,C_pairwise,0.1462626843569667,0.12653087203104368,6,1139,224
cb_rnn,6,5,D_full_interaction,0.19654247529702146,0.171629383399573,7,1139,224
cb_rnn,6,5,N_next_parity_only,0.05131568607830557,0.04551043422879175,1,1139,224
cb_rnn,6,6,A_parity_only,0.004171921996206054,-0.005794187010022265,1,915,237
cb_rnn,6,6,B_main_effects,0.13191555036939825,0.10729872748127668,3,915,237
cb_rnn,6,6,C_pairwise,0.13920385748287384,0.10834620118975716,6,915,237
cb_rnn,6,6,D_full_interaction,0.2002600997188922,0.16840977172542457,7,915,237
cb_rnn,6,6,N_next_parity_only,0.06226832637767814,0.048639768042582666,1,915,237
cb_rnn,6,7,A_parity_only,0.004908326586304123,-0.0030559712083810305,1,915,237
cb_rnn,6,7,B_main_effects,0.14617267027943454,0.14852010703540042,3,915,237
cb_rnn,6,7,C_pairwise,0.15300910191546496,0.15043370214022853,6,915,237
cb_rnn,6,7,D_full_interaction,0.2462302313800149,0.2582188958042089,7,915,237
cb_rnn,6,7,N_next_parity_only,0.09539867250462257,0.1047902510135486,1,915,237
cb_rnn,6,8,A_parity_only,0.0035536800622441665,0.002565600329608354,1,915,237
cb_rnn,6,8,B_main_effects,0.1967731354932298,0.1806057279132734,3,915,237
cb_rnn,6,8,C_pairwise,0.20411583992905355,0.18334267903562435,6,915,237
cb_rnn,6,8,D_full_interaction,0.3039189958750022,0.27647243150926065,7,915,237
cb_rnn,6,8,N_next_parity_only,0.10024759674512536,0.08972716940724146,1,915,237
cb_rnn,6,9,A_parity_only,0.003095352085732552,0.00022962010595972,1,915,237
cb_rnn,6,9,B_main_effects,0.20710618187026308,0.19437547361059904,3,915,237
cb_rnn,6,9,C_pairwise,0.21198693371666635,0.1922765880090342,6,915,237
cb_rnn,6,9,D_full_interaction,0.30922326607415296,0.291184782150958,7,915,237
cb_rnn,6,9,N_next_parity_only,0.09893198116601301,0.09273993411604176,1,915,237
cb_rnn,6,10,A_parity_only,0.0025645287992974407,0.000206526848068201,1,1443,227
cb_rnn,6,10,B_main_effects,0.23694154006578017,0.2579087325178185,3,1443,227
cb_rnn,6,10,C_pairwise,0.24339835642083021,0.2570223497637402,6,1443,227
cb_rnn,6,10,D_full_interaction,0.3293571204748925,0.35445662742747214,7,1443,227
cb_rnn,6,10,N_next_parity_only,0.08859995467825124,0.0927410109614007,1,1443,227
cb_rnn,6,11,A_parity_only,0.00509308768637106,-0.00413544883872244,1,1652,729
cb_rnn,6,11,B_main_effects,0.2660294978476905,0.26772228990885527,3,1652,729
cb_rnn,6,11,C_pairwise,0.2711100818675792,0.26712906233364475,6,1652,729
cb_rnn,6,11,D_full_interaction,0.3478773492065841,0.34919646712368446,7,1652,729
cb_rnn,6,11,N_next_parity_only,0.07707184964601094,0.07550140826035857,1,1652,729
cb_rnn,6,12,A_parity_only,0.0026654521567359667,0.0005804523835146683,1,2691,784
cb_rnn,6,12,B_main_effects,0.31990365727538206,0.3173957266334875,3,2691,784
cb_rnn,6,12,C_pairwise,0.32314970271087684,0.3211184896880366,6,2691,784
cb_rnn,6,12,D_full_interaction,0.40606827951409175,0.40179316063906645,7,2691,784
cb_rnn,6,12,N_next_parity_only,0.08357368668721138,0.07974513155173199,1,2691,784
cb_rnn,6,13,A_parity_only,0.0016405401201102301,-0.002480910456997453,1,3167,827
cb_rnn,6,13,B_main_effects,0.34448136457818074,0.34033591851508627,3,3167,827
cb_rnn,6,13,C_pairwise,0.34925073765294856,0.3446797317910673,6,3167,827
cb_rnn,6,13,D_full_interaction,0.43275943356298496,0.4266367929212226,7,3167,827
cb_rnn,6,13,N_next_parity_only,0.08384070828274374,0.07702795412475977,1,3167,827
cb_rnn,6,14,A_parity_only,0.0036654392958684976,0.00011697103033578293,1,3167,827
cb_rnn,6,14,B_main_effects,0.36843027220981667,0.3873310984593829,3,3167,827
cb_rnn,6,14,C_pairwise,0.37158991690200727,0.39047404935932783,6,3167,827
cb_rnn,6,14,D_full_interaction,0.4471498638317072,0.4715692688358665,7,3167,827
cb_rnn,6,14,N_next_parity_only,0.0748316375510068,0.07685662135547289,1,3167,827
cb_rnn,6,15,A_parity_only,0.004397444729820106,-0.0007170604713423248,1,3339,827
cb_rnn,6,15,B_main_effects,0.3668809103792022,0.3836611852153814,3,3339,827
cb_rnn,6,15,C_pairwise,0.3704794858252294,0.3869299559525341,6,3339,827
cb_rnn,6,15,D_full_interaction,0.44299245690867617,0.46209040011274644,7,3339,827
cb_rnn,6,15,N_next_parity_only,0.0732725546558381,0.06840325582101237,1,3339,827
cb_rnn,7,2,A_parity_only,0.016987471679370293,0.005436239822212436,1,579,170
cb_rnn,7,2,B_main_effects,0.13441590739008874,0.15949410077184262,3,579,170
cb_rnn,7,2,C_pairwise,0.925660577062261,0.927085428418053,6,579,170
cb_rnn,7,2,D_full_interaction,0.973208441169402,0.973922095950443,7,579,170
cb_rnn,7,2,N_next_parity_only,0.0466944023175587,0.035899110582471624,1,579,170
cb_rnn,7,3,A_parity_only,0.008472847666000328,0.002264545669871736,1,723,237
cb_rnn,7,3,B_main_effects,0.1129124106428595,0.10436261652701395,3,723,237
cb_rnn,7,3,C_pairwise,0.37763914688457595,0.37933861648718076,6,723,237
cb_rnn,7,3,D_full_interaction,0.39773206675013767,0.40883477509645666,7,723,237
cb_rnn,7,3,N_next_parity_only,0.01566215255793066,0.02419344857454104,1,723,237
cb_rnn,7,4,A_parity_only,0.010322368468453353,0.004948715252965143,1,876,238
cb_rnn,7,4,B_main_effects,0.12038114327021468,0.11701439607641091,3,876,238
cb_rnn,7,4,C_pairwise,0.20220677312384772,0.19894807268093387,6,876,238
cb_rnn,7,4,D_full_interaction,0.21736543778616554,0.2127511179439236,7,876,238
cb_rnn,7,4,N_next_parity_only,0.016260070193468028,0.014222475005450094,1,876,238
cb_rnn,7,5,A_parity_only,0.009698091609914182,0.0016416554645128766,1,1139,224
cb_rnn,7,5,B_main_effects,0.12246199247852438,0.10863950406445458,3,1139,224
cb_rnn,7,5,C_pairwise,0.16933173960373754,0.14658005058181003,6,1139,224
cb_rnn,7,5,D_full_interaction,0.21191407027639492,0.178435320267464,7,1139,224
cb_rnn,7,5,N_next_parity_only,0.041931394838355784,0.030658082347373276,1,1139,224
cb_rnn,7,6,A_parity_only,0.011517945572609038,0.001874601117461792,1,915,237
cb_rnn,7,6,B_main_effects,0.145895324009518,0.13392119722713902,3,915,237
cb_rnn,7,6,C_pairwise,0.1625008446938717,0.14712027577266146,6,915,237
cb_rnn,7,6,D_full_interaction,0.26064958268217664,0.23412070089063572,7,915,237
cb_rnn,7,6,N_next_parity_only,0.09912132492877312,0.08058538300497124,1,915,237
cb_rnn,7,7,A_parity_only,0.01017976951501775,-0.003034981747805872,1,915,237
cb_rnn,7,7,B_main_effects,0.15499676971513351,0.1501252952275467,3,915,237
cb_rnn,7,7,C_pairwise,0.16669234996065546,0.1544700241917994,6,915,237
cb_rnn,7,7,D_full_interaction,0.2637510734785481,0.26552466728216384,7,915,237
cb_rnn,7,7,N_next_parity_only,0.10237088677675807,0.10923476464180977,1,915,237
cb_rnn,7,8,A_parity_only,0.004584054530076364,5.108568910656627e-06,1,915,237
cb_rnn,7,8,B_main_effects,0.16562360509300977,0.15535035231395586,3,915,237
cb_rnn,7,8,C_pairwise,0.1713924654001533,0.160146916646357,6,915,237
cb_rnn,7,8,D_full_interaction,0.30315736754241096,0.28717187598752236,7,915,237
cb_rnn,7,8,N_next_parity_only,0.13298031356791715,0.123043445929398,1,915,237
cb_rnn,7,9,A_parity_only,0.00470831003290151,-0.0012035877365821675,1,915,237
cb_rnn,7,9,B_main_effects,0.18470342110110516,0.18085746642052347,3,915,237
cb_rnn,7,9,C_pairwise,0.18888891481058714,0.17746096673373613,6,915,237
cb_rnn,7,9,D_full_interaction,0.35189650114349763,0.3485450852248078,7,915,237
cb_rnn,7,9,N_next_parity_only,0.16452348021902002,0.1628445409774471,1,915,237
cb_rnn,7,10,A_parity_only,0.004445102290922532,0.00402583992458236,1,1443,227
cb_rnn,7,10,B_main_effects,0.21277634446149177,0.23010120148194024,3,1443,227
cb_rnn,7,10,C_pairwise,0.22160932911145942,0.23173997019826242,6,1443,227
cb_rnn,7,10,D_full_interaction,0.36109103815082405,0.38790384421548446,7,1443,227
cb_rnn,7,10,N_next_parity_only,0.14428998186035985,0.15296756648737436,1,1443,227
cb_rnn,7,11,A_parity_only,0.002693904171515665,-0.002067742811574305,1,1652,729
cb_rnn,7,11,B_main_effects,0.20673820272909393,0.20585977660527383,3,1652,729
cb_rnn,7,11,C_pairwise,0.211600457820018,0.20508021652816671,6,1652,729
cb_rnn,7,11,D_full_interaction,0.3402215054774114,0.3457581851474574,7,1652,729
cb_rnn,7,11,N_next_parity_only,0.12936464970698683,0.1343560006124759,1,1652,729
cb_rnn,7,12,A_parity_only,0.0016242157090149666,-0.00023301892797585912,1,2691,784
cb_rnn,7,12,B_main_effects,0.2838497361914212,0.2777555320556505,3,2691,784
cb_rnn,7,12,C_pairwise,0.2877916973216782,0.2808316642778911,6,2691,784
cb_rnn,7,12,D_full_interaction,0.4049751558026934,0.40463285764602863,7,2691,784
cb_rnn,7,12,N_next_parity_only,0.11776461877667277,0.1218131001605786,1,2691,784
cb_rnn,7,13,A_parity_only,0.0014039184053517232,-0.0026767092399431567,1,3167,827
cb_rnn,7,13,B_main_effects,0.3651778139213603,0.3597043324607531,3,3167,827
cb_rnn,7,13,C_pairwise,0.3683249629848236,0.36184233356115425,6,3167,827
cb_rnn,7,13,D_full_interaction,0.4793879063404155,0.46534569317245855,7,3167,827
cb_rnn,7,13,N_next_parity_only,0.11125012376471996,0.09652667533455232,1,3167,827
cb_rnn,7,14,A_parity_only,0.0015880371483885866,-0.0024624423874324824,1,3167,827
cb_rnn,7,14,B_main_effects,0.4024681866417851,0.4139976862464986,3,3167,827
cb_rnn,7,14,C_pairwise,0.4048907640936158,0.4157505459621539,6,3167,827
cb_rnn,7,14,D_full_interaction,0.5145092634576539,0.5300633997372222,7,3167,827
cb_rnn,7,14,N_next_parity_only,0.1093597811598181,0.11129542564390249,1,3167,827
cb_rnn,7,15,A_parity_only,0.0020419866678312044,1.5026111820049329e-05,1,3339,827
cb_rnn,7,15,B_main_effects,0.4396026178088888,0.4538199797550714,3,3339,827
cb_rnn,7,15,C_pairwise,0.4426641146070321,0.4567839052719928,6,3339,827
cb_rnn,7,15,D_full_interaction,0.5410708491502794,0.556615083504449,7,3339,827
cb_rnn,7,15,N_next_parity_only,0.09966327999279795,0.09717849613983964,1,3339,827
cb_rnn,8,2,A_parity_only,0.030565413244211546,0.01254357538304426,1,579,170
cb_rnn,8,2,B_main_effects,0.16978130154474746,0.1824102439687888,3,579,170
cb_rnn,8,2,C_pairwise,0.8474085955619707,0.8463664269906993,6,579,170
cb_rnn,8,2,D_full_interaction,0.9280778532944147,0.9245416069494299,7,579,170
cb_rnn,8,2,N_next_parity_only,0.08209769222256963,0.06212536464790316,1,579,170
cb_rnn,8,3,A_parity_only,0.003699161951015679,-0.000877300459159687,1,723,237
cb_rnn,8,3,B_main_effects,0.14390309019019187,0.13475265113480542,3,723,237
cb_rnn,8,3,C_pairwise,0.2190764335915495,0.2201495145752566,6,723,237
cb_rnn,8,3,D_full_interaction,0.26304890886877963,0.2709404479780397,7,723,237
cb_rnn,8,3,N_next_parity_only,0.03623062128482069,0.04790212724678099,1,723,237
cb_rnn,8,4,A_parity_only,0.010603892209383431,0.0012139435479941799,1,876,238
cb_rnn,8,4,B_main_effects,0.15926257880886202,0.16307424650118157,3,876,238
cb_rnn,8,4,C_pairwise,0.18942481600452252,0.18463474972913152,6,876,238
cb_rnn,8,4,D_full_interaction,0.2740376714554551,0.2657568094809629,7,876,238
cb_rnn,8,4,N_next_parity_only,0.08733495754160497,0.08159284579129379,1,876,238
cb_rnn,8,5,A_parity_only,0.0033513884858106333,-0.0013813879543140752,1,1139,224
cb_rnn,8,5,B_main_effects,0.15751009527259807,0.16137538419567504,3,1139,224
cb_rnn,8,5,C_pairwise,0.172992091776026,0.16746731365897138,6,1139,224
cb_rnn,8,5,D_full_interaction,0.2609476746472156,0.24595050914508632,7,1139,224
cb_rnn,8,5,N_next_parity_only,0.09198524084739537,0.08393342631130679,1,1139,224
cb_rnn,8,6,A_parity_only,0.007368679652334946,0.00022324136707851938,1,915,237
cb_rnn,8,6,B_main_effects,0.1949629775244409,0.19817878698944486,3,915,237
cb_rnn,8,6,C_pairwise,0.2023285058505278,0.1995401505949067,6,915,237
cb_rnn,8,6,D_full_interaction,0.3087787467409314,0.3047589167265147,7,915,237
cb_rnn,8,6,N_next_parity_only,0.10507486699252325,0.1027200039232063,1,915,237
cb_rnn,8,7,A_parity_only,0.007041803333434652,0.003671234420922903,1,915,237
cb_rnn,8,7,B_main_effects,0.20697605239543881,0.21216535378474655,3,915,237
cb_rnn,8,7,C_pairwise,0.21319788322167588,0.21163067485142034,6,915,237
cb_rnn,8,7,D_full_interaction,0.30819514140969795,0.31108552701293835,7,915,237
cb_rnn,8,7,N_next_parity_only,0.10309919264852141,0.09778028038556416,1,915,237
cb_rnn,8,8,A_parity_only,0.005781006078395866,0.0028513040419699247,1,915,237
cb_rnn,8,8,B_main_effects,0.24376023750577824,0.2400085122145443,3,915,237
cb_rnn,8,8,C_pairwise,0.24772790102290176,0.24095322866513047,6,915,237
cb_rnn,8,8,D_full_interaction,0.3537290530763185,0.34274631426779506,7,915,237
cb_rnn,8,8,N_next_parity_only,0.10822952875149815,0.098407313253734,1,915,237
cb_rnn,8,9,A_parity_only,0.004368680112644047,0.0009393852711368864,1,915,237
cb_rnn,8,9,B_main_effects,0.24402007259956526,0.23333900629766202,3,915,237
cb_rnn,8,9,C_pairwise,0.24814055726091278,0.22840977379366229,6,915,237
cb_rnn,8,9,D_full_interaction,0.3528602452551056,0.331872327819863,7,915,237
cb_rnn,8,9,N_next_parity_only,0.10773159184692624,0.09507434745221365,1,915,237
cb_rnn,8,10,A_parity_only,0.004203404923502522,-0.0005637258089790636,1,1443,227
cb_rnn,8,10,B_main_effects,0.27104559033041453,0.292780320118713,3,1443,227
cb_rnn,8,10,C_pairwise,0.2755622627439077,0.29149003820365427,6,1443,227
cb_rnn,8,10,D_full_interaction,0.3550199043984853,0.384879761068823,7,1443,227
cb_rnn,8,10,N_next_parity_only,0.08095985332554659,0.08707605473788366,1,1443,227
cb_rnn,8,11,A_parity_only,0.0037585251063660674,-0.0013031314994489621,1,1652,729
cb_rnn,8,11,B_main_effects,0.3277532853130767,0.34004897215404584,3,1652,729
cb_rnn,8,11,C_pairwise,0.33141081513902415,0.34007342523950884,6,1652,729
cb_rnn,8,11,D_full_interaction,0.39897845192560544,0.4232428929002491,7,1652,729
cb_rnn,8,11,N_next_parity_only,0.06769259849727903,0.07885946402256311,1,1652,729
cb_rnn,8,12,A_parity_only,0.002861123479062212,0.000675699961851059,1,2691,784
cb_rnn,8,12,B_main_effects,0.3902955533116953,0.38541934425200297,3,2691,784
cb_rnn,8,12,C_pairwise,0.3927126961157037,0.38657104394200026,6,2691,784
cb_rnn,8,12,D_full_interaction,0.468449583326663,0.46270885324679945,7,2691,784
cb_rnn,8,12,N_next_parity_only,0.07599385244457807,0.07442982175716065,1,2691,784
cb_rnn,8,13,A_parity_only,0.00192069842133865,-0.0001996251297347769,1,3167,827
cb_rnn,8,13,B_main_effects,0.4582112388449495,0.44793045790859465,3,3167,827
cb_rnn,8,13,C_pairwise,0.4601106270110315,0.4481243177685763,6,3167,827
cb_rnn,8,13,D_full_interaction,0.5353600016212721,0.5183041253213718,7,3167,827
cb_rnn,8,13,N_next_parity_only,0.07486990021382353,0.06349311557184611,1,3167,827
cb_rnn,8,14,A_parity_only,0.0010269524005972405,-0.0007541533225269605,1,3167,827
cb_rnn,8,14,B_main_effects,0.4741768299381456,0.4871630148055931,3,3167,827
cb_rnn,8,14,C_pairwise,0.4768425621460274,0.4890155955069443,6,3167,827
cb_rnn,8,14,D_full_interaction,0.5460855537934599,0.5606325121551451,7,3167,827
cb_rnn,8,14,N_next_parity_only,0.06898665709670793,0.07061677626774439,1,3167,827
cb_rnn,8,15,A_parity_only,0.000915416498735909,-0.003057249332105239,1,3339,827
cb_rnn,8,15,B_main_effects,0.49808470235475855,0.5123482360571137,3,3339,827
cb_rnn,8,15,C_pairwise,0.5000220423352933,0.5132630612217525,6,3339,827
cb_rnn,8,15,D_full_interaction,0.5668570758706889,0.5783187151501878,7,3339,827
cb_rnn,8,15,N_next_parity_only,0.06758732757663334,0.060984219537008645,1,3339,827
