arch,seed,N,group_label,group_id,n,score_full,score_zero,margin
cb_rnn,1,2,c0_i0_o0,0,95,-0.0057731614301079195,-0.03584454859557905,0.030071387165471128
cb_rnn,1,2,c0_i0_o1,1,98,0.2627441062002766,0.19091696390996174,0.07182714229031485
cb_rnn,1,2,c0_i1_o0,2,94,0.056685515144403946,0.015841267646310178,0.04084424749809377
cb_rnn,1,2,c0_i1_o1,3,95,0.5999445334861153,0.5919619215162177,0.007982611969897621
cb_rnn,1,2,c1_i0_o0,4,96,0.3685743324458599,0.3154195146635175,0.053154817782342434
cb_rnn,1,2,c1_i0_o1,5,83,-0.17423568504402437,-0.1794602488537869,0.005224563809762518
cb_rnn,1,2,c1_i1_o0,6,90,0.3106601905491617,0.3111998077895906,-0.0005396172404289245
cb_rnn,1,2,c1_i1_o1,7,98,0.03758229492042137,-0.0023085073548920303,0.03989080227531341
cb_rnn,1,3,c0_i0_o0,0,130,-0.1286946938588069,-0.26757194462877054,0.13887725076996363
cb_rnn,1,3,c0_i0_o1,1,108,0.7797669508942852,0.2266126498579979,0.5531543010362873
cb_rnn,1,3,c0_i1_o0,2,131,-0.04728626931896646,-0.4577591001191212,0.41047283080015473
cb_rnn,1,3,c0_i1_o1,3,113,1.0559590991619414,0.7046256864492872,0.35133341271265417
cb_rnn,1,3,c1_i0_o0,4,116,1.197052030727781,0.5998220209931505,0.5972300097346306
cb_rnn,1,3,c1_i0_o1,5,143,-0.21959978508782554,-0.3586135587909005,0.13901377370307497
cb_rnn,1,3,c1_i1_o0,6,113,0.8716232333563071,0.40437509027202573,0.4672481430842813
cb_rnn,1,3,c1_i1_o1,7,106,-0.1514638291214997,-0.437226552937953,0.2857627238164533
cb_rnn,1,4,c0_i0_o0,0,124,0.5796613606714434,-0.017407689123384414,0.5970690497948278
cb_rnn,1,4,c0_i0_o1,1,152,0.8267848296581131,0.0272011753955954,0.7995836542625177
cb_rnn,1,4,c0_i1_o0,2,147,0.5344129121627937,-0.254944895400482,0.7893578075632757
cb_rnn,1,4,c0_i1_o1,3,124,1.0485010300913165,0.3917885925019941,0.6567124375893224
cb_rnn,1,4,c1_i0_o0,4,143,1.0940505153649336,0.22393890371272615,0.8701116116522075
cb_rnn,1,4,c1_i0_o1,5,151,0.37799156620013,-0.20173518645842345,0.5797267526585534
cb_rnn,1,4,c1_i1_o0,6,141,1.1011112765640232,0.23670550060610399,0.8644057759579192
cb_rnn,1,4,c1_i1_o1,7,132,0.34568841865455563,-0.08807064479950702,0.4337590634540627
cb_rnn,1,5,c0_i0_o0,0,155,0.8293009804141137,-1.0438346847411124,1.8731356651552262
cb_rnn,1,5,c0_i0_o1,1,167,0.676721589026337,0.9688422874419275,-0.29212069841559063
cb_rnn,1,5,c0_i1_o0,2,160,0.8978584382683039,1.0690047927200794,-0.17114635445177556
cb_rnn,1,5,c0_i1_o1,3,215,0.8863483018653338,-0.9099893764007924,1.796337678266126
cb_rnn,1,5,c1_i0_o0,4,195,1.0334292929906113,1.2668582772597288,-0.2334289842691177
cb_rnn,1,5,c1_i0_o1,5,153,0.918810270580591,-1.2309876851786197,2.1497979557592104
cb_rnn,1,5,c1_i1_o0,6,164,1.0164626266171293,-1.1944220186006733,2.2108846452178024
cb_rnn,1,5,c1_i1_o1,7,154,0.7907307687904928,1.2285779575248816,-0.437847188734389
cb_rnn,1,6,c0_i0_o0,0,141,0.7939977381669038,-1.3759133765038023,2.169911114670706
cb_rnn,1,6,c0_i0_o1,1,167,0.7615728024950998,1.2832696919669648,-0.521696889471865
cb_rnn,1,6,c0_i1_o0,2,141,0.7068705121253399,1.1760433421912768,-0.4691728300659369
cb_rnn,1,6,c0_i1_o1,3,135,0.8432888267216859,-1.083311061505918,1.926599888227604
cb_rnn,1,6,c1_i0_o0,4,131,0.9978125068067595,1.6606400540766826,-0.6628275472699231
cb_rnn,1,6,c1_i0_o1,5,158,0.5281765095040768,-1.5739251639269576,2.1021016734310343
cb_rnn,1,6,c1_i1_o0,6,135,1.178545735721235,-1.3302351342307197,2.5087808699519547
cb_rnn,1,6,c1_i1_o1,7,144,0.5051026342229711,1.3103426785932646,-0.8052400443702936
cb_rnn,1,7,c0_i0_o0,0,129,0.34764273938282514,-1.2785346212313158,1.6261773606141408
cb_rnn,1,7,c0_i0_o1,1,146,0.8775848113510707,1.153037431305402,-0.2754526199543313
cb_rnn,1,7,c0_i1_o0,2,143,0.4472994432374314,0.74226777703612,-0.2949683337986886
cb_rnn,1,7,c0_i1_o1,3,139,0.9028955243474288,-0.6883620443961603,1.591257568743589
cb_rnn,1,7,c1_i0_o0,4,147,1.1654478550768224,1.523948911095963,-0.35850105601914073
cb_rnn,1,7,c1_i0_o1,5,156,0.17488316465646792,-1.3967701483231325,1.5716533129796004
cb_rnn,1,7,c1_i1_o0,6,172,1.1621688237023908,-0.9160932028709456,2.0782620265733365
cb_rnn,1,7,c1_i1_o1,7,120,0.27000508792698386,0.8845370364685853,-0.6145319485416015
cb_rnn,1,8,c0_i0_o0,0,130,0.6414530507647074,-0.6675646001329789,1.3090176508976863
cb_rnn,1,8,c0_i0_o1,1,131,0.5193995826571952,0.6353171600867774,-0.11591757742958214
cb_rnn,1,8,c0_i1_o0,2,144,0.8038945226516161,0.7945331558585167,0.009361366793099377
cb_rnn,1,8,c0_i1_o1,3,148,0.5985112033683706,-0.731388336500606,1.3298995398689766
cb_rnn,1,8,c1_i0_o0,4,161,0.6187929077224331,0.9100014671035435,-0.29120855938111034
cb_rnn,1,8,c1_i0_o1,5,145,0.5989800918205032,-0.8632642269134522,1.4622443187339553
cb_rnn,1,8,c1_i1_o0,6,148,0.7106534037990747,-0.9479343605202597,1.6585877643193345
cb_rnn,1,8,c1_i1_o1,7,145,0.7192838875384167,0.9002011299133301,-0.18091724237491344
cb_rnn,1,9,c0_i0_o0,0,160,0.43230675130616875,-0.8165970407426357,1.2489037920488044
cb_rnn,1,9,c0_i0_o1,1,168,0.7129504387932164,0.7840771848956744,-0.07112674610245795
cb_rnn,1,9,c0_i1_o0,2,137,0.6500457838503984,0.569072236109824,0.0809735477405743
cb_rnn,1,9,c0_i1_o1,3,149,0.7555574490719994,-0.5220265372487523,1.2775839863207517
cb_rnn,1,9,c1_i0_o0,4,146,0.8110807844220775,1.0265579211385283,-0.21547713671645072
cb_rnn,1,9,c1_i0_o1,5,130,0.43498071907804564,-0.9534519122197078,1.3884326312977535
cb_rnn,1,9,c1_i1_o0,6,133,0.8544295942200754,-0.6611713780496353,1.5156009722697108
cb_rnn,1,9,c1_i1_o1,7,129,0.5234986410238022,0.652716727104298,-0.1292180860804957
cb_rnn,1,10,c0_i0_o0,0,235,0.5277898748187309,-0.798090745096511,1.325880619915242
cb_rnn,1,10,c0_i0_o1,1,202,0.6434797958867384,0.7724128923203686,-0.12893309643363007
cb_rnn,1,10,c0_i1_o0,2,223,0.5291271259164596,0.33524028535915595,0.19388684055730365
cb_rnn,1,10,c0_i1_o1,3,191,0.7041816010447073,-0.29146528327886345,0.9956468843235707
cb_rnn,1,10,c1_i0_o0,4,218,0.8446578279547735,1.0051953992165557,-0.16053757126178217
cb_rnn,1,10,c1_i0_o1,5,201,0.37785199136283265,-0.9176172980325139,1.2954692893953466
cb_rnn,1,10,c1_i1_o0,6,223,0.8599525768259716,-0.4588910994608573,1.318843676286829
cb_rnn,1,10,c1_i1_o1,7,177,0.4365213532737419,0.4229480810989599,0.013573272174781999
cb_rnn,1,11,c0_i0_o0,0,306,0.7833700183462473,-0.5805628849497808,1.3639329032960281
cb_rnn,1,11,c0_i0_o1,1,301,0.5953742249859528,0.5940320901696469,0.001342134816305978
cb_rnn,1,11,c0_i1_o0,2,304,0.7609912551155216,0.36582702935036077,0.3951642257651608
cb_rnn,1,11,c0_i1_o1,3,289,0.5659978090814447,-0.3213259720575438,0.8873237811389885
cb_rnn,1,11,c1_i0_o0,4,284,0.6614469044225316,0.7260045136364413,-0.06455760921390963
cb_rnn,1,11,c1_i0_o1,5,299,0.7333337211962727,-0.6862250100011411,1.4195587311974138
cb_rnn,1,11,c1_i1_o0,6,305,0.6640456798013117,-0.4365735771714664,1.100619256972778
cb_rnn,1,11,c1_i1_o1,7,293,0.6864143655263523,0.3848465010778082,0.3015678644485441
cb_rnn,1,12,c0_i0_o0,0,449,0.5402506221177052,-0.5411298916175264,1.0813805137352317
cb_rnn,1,12,c0_i0_o1,1,455,0.6509736933223493,0.508759775454854,0.14221391786749546
cb_rnn,1,12,c0_i1_o0,2,426,0.5068382203334094,0.010391839347045186,0.49644638098636423
cb_rnn,1,12,c0_i1_o1,3,409,0.6799519374638723,-0.0033401577553568377,0.6832920952192292
cb_rnn,1,12,c1_i0_o0,4,435,0.7389956940350861,0.6473358019843869,0.09165989205069926
cb_rnn,1,12,c1_i0_o1,5,452,0.48229057044285323,-0.6171812666003156,1.0994718370431689
cb_rnn,1,12,c1_i1_o0,6,440,0.7900569028813731,-0.08219737659462474,0.8722542794759978
cb_rnn,1,12,c1_i1_o1,7,409,0.49352171133593414,0.015200922415935614,0.4783207889199986
cb_rnn,1,13,c0_i0_o0,0,506,0.48120316977910843,-0.4534763514244627,0.9346795212035711
cb_rnn,1,13,c0_i0_o1,1,493,0.7299221119490164,0.4833097257490816,0.24661238619993472
cb_rnn,1,13,c0_i1_o0,2,496,0.41815930057407147,-0.013184298918912969,0.43134359949298445
cb_rnn,1,13,c0_i1_o1,3,509,0.7358252643543517,0.047626134663205484,0.6881991296911462
cb_rnn,1,13,c1_i0_o0,4,493,0.6882205270684152,0.5690985286559221,0.11912199841249303
cb_rnn,1,13,c1_i0_o1,5,528,0.4507979098777992,-0.5312337765159706,0.9820316863937698
cb_rnn,1,13,c1_i1_o0,6,467,0.7297279899202016,-0.06504030123640178,0.7947682911566034
cb_rnn,1,13,c1_i1_o1,7,502,0.4869594348601967,-0.0033539739953153637,0.4903134088555121
cb_rnn,1,14,c0_i0_o0,0,523,0.5300945389096983,-0.16857154651707035,0.6986660854267687
cb_rnn,1,14,c0_i0_o1,1,459,0.5881817653645357,0.16375638348149837,0.42442538188303736
cb_rnn,1,14,c0_i1_o0,2,500,0.4974441380649805,-0.0875867612734437,0.5850308993384242
cb_rnn,1,14,c0_i1_o1,3,489,0.5979429451874428,0.11088623068007833,0.48705671450736454
cb_rnn,1,14,c1_i0_o0,4,545,0.6581412949214834,0.2487191423295288,0.4094221525919547
cb_rnn,1,14,c1_i0_o1,5,484,0.48605937811676875,-0.1690726181846266,0.6551319963013953
cb_rnn,1,14,c1_i1_o0,6,501,0.6438682145641711,0.06352302156195432,0.5803451930022169
cb_rnn,1,14,c1_i1_o1,7,493,0.5323062825864879,-0.1239617601354393,0.6562680427219273
cb_rnn,1,15,c0_i0_o0,0,502,0.5889635060012222,0.05984441254777737,0.5291190934534448
cb_rnn,1,15,c0_i0_o1,1,561,0.5415511449762419,-0.0506981812191732,0.5922493261954151
cb_rnn,1,15,c0_i1_o0,2,479,0.6081921082759949,-0.2072949579806069,0.8154870662566017
cb_rnn,1,15,c0_i1_o1,3,493,0.543094588160273,0.2074795520616956,0.33561503609857746
cb_rnn,1,15,c1_i0_o0,4,529,0.5529935290096838,-0.06304363319069316,0.616037162200377
cb_rnn,1,15,c1_i0_o1,5,531,0.5358654662349355,0.06549587553251261,0.47036959070242285
cb_rnn,1,15,c1_i1_o0,6,538,0.6141489134222048,0.2721236031571729,0.3420253102650319
cb_rnn,1,15,c1_i1_o1,7,533,0.6061324965467373,-0.24257286108233467,0.848705357629072
cb_rnn,2,2,c0_i0_o0,0,95,0.4559932956570073,0.40494689125763744,0.051046404399369895
cb_rnn,2,2,c0_i0_o1,1,98,0.6410808076663893,0.409246814190125,0.23183399347626432
cb_rnn,2,2,c0_i1_o0,2,94,-0.02845882204301814,-0.11080033768047677,0.08234151563745865
cb_rnn,2,2,c0_i1_o1,3,95,0.5393943792895267,0.46667775229403846,0.07271662699548821
cb_rnn,2,2,c1_i0_o0,4,96,0.5693422767023245,0.39660510669151944,0.17273717001080513
cb_rnn,2,2,c1_i0_o1,5,83,0.06850358008979315,-0.013874548386378461,0.08237812847617161
cb_rnn,2,2,c1_i1_o0,6,90,0.3304364952776167,0.2576539488302337,0.07278254644738304
cb_rnn,2,2,c1_i1_o1,7,98,0.2007818910844472,0.13494241222435113,0.06583947886009606
cb_rnn,2,3,c0_i0_o0,0,130,0.030387411209253163,-0.20705021791733227,0.23743762912658545
cb_rnn,2,3,c0_i0_o1,1,108,0.962700261010064,0.5814112703557368,0.38128899065432725
cb_rnn,2,3,c0_i1_o0,2,131,-0.26741850797001643,-0.5626227506471955,0.295204242677179
cb_rnn,2,3,c0_i1_o1,3,113,0.9133501010658467,0.5415837892652613,0.3717663118005854
cb_rnn,2,3,c1_i0_o0,4,116,0.947608907674921,0.6249698279746647,0.32263907970025624
cb_rnn,2,3,c1_i0_o1,5,143,-0.3348962068557739,-0.643742031984396,0.30884582512862196
cb_rnn,2,3,c1_i1_o0,6,113,1.09353448384631,0.443785700122867,0.6497487837234429
cb_rnn,2,3,c1_i1_o1,7,106,0.02197787601430461,-0.243766853831849,0.2657447298461536
cb_rnn,2,4,c0_i0_o0,0,124,0.2848178135351308,-0.4038508524817805,0.6886686660169113
cb_rnn,2,4,c0_i0_o1,1,152,1.0603746181648028,0.4990529147417922,0.5613217034230107
cb_rnn,2,4,c0_i1_o0,2,147,0.035894550535143635,-0.21159519224750753,0.24748974278265115
cb_rnn,2,4,c0_i1_o1,3,124,0.9666945672323627,0.18864524520693288,0.7780493220254299
cb_rnn,2,4,c1_i0_o0,4,143,1.1621489733249157,0.7168329089254766,0.44531606439943916
cb_rnn,2,4,c1_i0_o1,5,151,0.12163420174492906,-0.6388330376700849,0.760467239415014
cb_rnn,2,4,c1_i1_o0,6,141,1.0782023116629174,-0.07259633640448253,1.1507986480674
cb_rnn,2,4,c1_i1_o1,7,132,0.1237742519288352,0.0461162089398413,0.07765804298899391
cb_rnn,2,5,c0_i0_o0,0,155,0.822935426235199,-0.2972632045707395,1.1201986308059384
cb_rnn,2,5,c0_i0_o1,1,167,0.7940878729798837,0.18709189368936116,0.6069959792905225
cb_rnn,2,5,c0_i1_o0,2,160,0.6585679966956377,0.11744117913767696,0.5411268175579608
cb_rnn,2,5,c0_i1_o1,3,215,0.8227779590113219,0.015524403577627138,0.8072535554336947
cb_rnn,2,5,c1_i0_o0,4,195,1.1975143114725748,0.6093926559656094,0.5881216555069655
cb_rnn,2,5,c1_i0_o1,5,153,0.7789248687769074,-0.45760231956936953,1.236527188346277
cb_rnn,2,5,c1_i1_o0,6,164,0.8641848713159561,-0.45893764141492727,1.3231225127308834
cb_rnn,2,5,c1_i1_o1,7,154,0.5676611636269402,0.31407659046061626,0.25358457316632393
cb_rnn,2,6,c0_i0_o0,0,141,0.7354919622975884,-0.39335369746735754,1.1288456597649459
cb_rnn,2,6,c0_i0_o1,1,167,1.0442594894748962,0.38189603798760624,0.6623634514872899
cb_rnn,2,6,c0_i1_o0,2,141,0.7002950789974937,-0.005204200638946912,0.7054992796364405
cb_rnn,2,6,c0_i1_o1,3,135,1.040385145831991,0.012496685429855629,1.0278884604021354
cb_rnn,2,6,c1_i0_o0,4,131,1.1291415202253647,0.730920011988123,0.3982215082372418
cb_rnn,2,6,c1_i0_o1,5,158,0.6477817258314241,-0.6275763256074507,1.275358051438875
cb_rnn,2,6,c1_i1_o0,6,135,1.141990704227377,-0.3285118734395063,1.4705025776668832
cb_rnn,2,6,c1_i1_o1,7,144,0.550152553167815,0.2175740607910686,0.3325784923767464
cb_rnn,2,7,c0_i0_o0,0,129,0.43606163226356803,-0.7268949795023415,1.1629566117659096
cb_rnn,2,7,c0_i0_o1,1,146,1.01649993331465,0.6297114491462708,0.3867884841683793
cb_rnn,2,7,c0_i1_o0,2,143,0.4475199592436527,-0.061314160303844435,0.5088341195474971
cb_rnn,2,7,c0_i1_o1,3,139,1.072568974906592,0.12239468698021319,0.9501742879263788
cb_rnn,2,7,c1_i0_o0,4,147,1.3146009546558872,1.0025691842140794,0.31203177044180785
cb_rnn,2,7,c1_i0_o1,5,156,0.46492815075012356,-0.8381465135189967,1.3030746642691202
cb_rnn,2,7,c1_i1_o0,6,172,1.0228375509208025,-0.23737703367721202,1.2602145845980146
cb_rnn,2,7,c1_i1_o1,7,120,0.3231726029422134,0.0892176220814387,0.2339549808607747
cb_rnn,2,8,c0_i0_o0,0,130,0.7938843170037636,-0.3993240452156617,1.1932083622194254
cb_rnn,2,8,c0_i0_o1,1,131,0.6629473416859867,0.3939921471453805,0.2689551945406062
cb_rnn,2,8,c0_i1_o0,2,144,0.9516631436223785,0.1613662010576162,0.7902969425647624
cb_rnn,2,8,c0_i1_o1,3,148,0.683508566102466,-0.15592179356797323,0.8394303596704393
cb_rnn,2,8,c1_i0_o0,4,161,0.7150920527692167,0.608205562237627,0.10688649053158968
cb_rnn,2,8,c1_i0_o1,5,145,0.8592874107689693,-0.5784919629836904,1.4377793737526599
cb_rnn,2,8,c1_i1_o0,6,148,0.7046365560712041,-0.3611801751964801,1.0658167312676843
cb_rnn,2,8,c1_i1_o1,7,145,0.8656305050027782,0.33201555250019865,0.5336149525025795
cb_rnn,2,9,c0_i0_o0,0,160,0.5800134049262852,-0.6739984914660454,1.2540118963923306
cb_rnn,2,9,c0_i0_o1,1,168,0.7799562809634066,0.6742517065611624,0.10570457440224432
cb_rnn,2,9,c0_i1_o0,2,137,0.6914898738482572,0.12366065671191598,0.5678292171363413
cb_rnn,2,9,c0_i1_o1,3,149,0.8027205460223575,-0.07413166266359739,0.8768522086859549
cb_rnn,2,9,c1_i0_o0,4,146,0.8554153201514727,0.8781761055531567,-0.022760785401683963
cb_rnn,2,9,c1_i0_o1,5,130,0.6297783031486548,-0.8272373210352201,1.4570156241838748
cb_rnn,2,9,c1_i1_o0,6,133,0.7833960682601857,-0.20513787274634032,0.988533941006526
cb_rnn,2,9,c1_i1_o1,7,129,0.6343101228392402,0.31443461723798927,0.31987550560125083
cb_rnn,2,10,c0_i0_o0,0,235,0.4640877812783769,-0.6906923709239098,1.1547801522022867
cb_rnn,2,10,c0_i0_o1,1,202,0.6054597389838188,0.6574215553700924,-0.05196181638627359
cb_rnn,2,10,c0_i1_o0,2,223,0.4526345871823251,0.03593182834408208,0.41670275883824304
cb_rnn,2,10,c0_i1_o1,3,191,0.6596915929417335,0.008182130753993988,0.6515094621877395
cb_rnn,2,10,c1_i0_o0,4,218,0.7890011874975962,0.8731991169512818,-0.08419792945368575
cb_rnn,2,10,c1_i0_o1,5,201,0.3625013102123986,-0.7734072919360441,1.1359086021484428
cb_rnn,2,10,c1_i1_o0,6,223,0.7374291775472496,-0.19640900984180948,0.9338381873890591
cb_rnn,2,10,c1_i1_o1,7,177,0.3482633952451291,0.21065524877127956,0.13760814647384956
cb_rnn,2,11,c0_i0_o0,0,306,0.6686628086650683,-0.43012921526735903,1.0987920239324274
cb_rnn,2,11,c0_i0_o1,1,301,0.44685992062636387,0.4624649841722064,-0.015605063545842504
cb_rnn,2,11,c0_i1_o0,2,304,0.6640150220329432,0.2801319944831592,0.38388302754978404
cb_rnn,2,11,c0_i1_o1,3,289,0.4831668076115084,-0.23543393658312958,0.7186007441946379
cb_rnn,2,11,c1_i0_o0,4,284,0.4564524140523773,0.5433011061288942,-0.08684869207651683
cb_rnn,2,11,c1_i0_o1,5,299,0.6278143288773238,-0.49056960739519284,1.1183839362725168
cb_rnn,2,11,c1_i1_o0,6,305,0.4335392853764237,-0.3938953407108784,0.8274346260873021
cb_rnn,2,11,c1_i1_o1,7,293,0.6103926361014005,0.3818031899224166,0.2285894461789839
cb_rnn,2,12,c0_i0_o0,0,449,0.5336615507281437,-0.75749636904434,1.2911579197724836
cb_rnn,2,12,c0_i0_o1,1,455,0.5668450042359776,0.8156365554411332,-0.24879155120515561
cb_rnn,2,12,c0_i1_o0,2,426,0.4990103709305956,0.39030541295072,0.10870495797987555
cb_rnn,2,12,c0_i1_o1,3,409,0.5692037843477463,-0.4355600373705617,1.0047638217183081
cb_rnn,2,12,c1_i0_o0,4,435,0.5591499205293327,0.8692086377363095,-0.31005871720697686
cb_rnn,2,12,c1_i0_o1,5,452,0.5260267280190524,-0.8439216295306662,1.3699483575497184
cb_rnn,2,12,c1_i1_o0,6,440,0.5781910274685784,-0.47248597933318126,1.0506770068017597
cb_rnn,2,12,c1_i1_o1,7,409,0.5605366146214725,0.5100948851655777,0.050441729455894826
cb_rnn,2,13,c0_i0_o0,0,506,0.6014332245343288,-0.9011907265650425,1.5026239510993713
cb_rnn,2,13,c0_i0_o1,1,493,0.45357586290029916,0.9814158044528768,-0.5278399415525776
cb_rnn,2,13,c0_i1_o0,2,496,0.557972103267187,0.7027904346112102,-0.1448183313440231
cb_rnn,2,13,c0_i1_o1,3,509,0.49438450173685267,-0.8012036199375899,1.2955881216744425
cb_rnn,2,13,c1_i0_o0,4,493,0.5733028467873047,1.0176808769393402,-0.44437803015203553
cb_rnn,2,13,c1_i0_o1,5,528,0.49189004031094635,-1.052001953125,1.5438919934359463
cb_rnn,2,13,c1_i1_o0,6,467,0.5913895894105226,-0.7975654276785874,1.3889550170891098
cb_rnn,2,13,c1_i1_o1,7,502,0.5549055453820295,0.9340433678497,-0.37913782246767047
cb_rnn,2,14,c0_i0_o0,0,523,0.6346905146000718,-0.9400345100157576,1.5747250246158293
cb_rnn,2,14,c0_i0_o1,1,459,0.41821771953863646,0.972126428695286,-0.5539087091566496
cb_rnn,2,14,c0_i1_o0,2,500,0.5928725807964802,0.8872853153981268,-0.2944127346016467
cb_rnn,2,14,c0_i1_o1,3,489,0.3486123935668015,-0.896357416539074,1.2449698101058755
cb_rnn,2,14,c1_i0_o0,4,545,0.4563501102388452,1.0041625919692014,-0.5478124817303561
cb_rnn,2,14,c1_i0_o1,5,484,0.5542018313484252,-1.0696534078475857,1.6238552391960108
cb_rnn,2,14,c1_i1_o0,6,501,0.46849385663837256,-0.9424769464292807,1.4109708030676533
cb_rnn,2,14,c1_i1_o1,7,493,0.564755549295437,1.0378912204222916,-0.47313567112685456
cb_rnn,2,15,c0_i0_o0,0,502,0.7623333735502811,-1.036907816342861,1.7992411898931422
cb_rnn,2,15,c0_i0_o1,1,561,0.41777755583033843,1.1369662239031995,-0.7191886680728612
cb_rnn,2,15,c0_i1_o0,2,479,0.7085366981854518,1.23383845496215,-0.5253017567766982
cb_rnn,2,15,c0_i1_o1,3,493,0.4134883162533415,-1.297857831423048,1.7113461476763896
cb_rnn,2,15,c1_i0_o0,4,529,0.5050494034258765,1.19655621086999,-0.6915068074441136
cb_rnn,2,15,c1_i0_o1,5,531,0.5851653810667677,-1.3013805131342002,1.886545894200968
cb_rnn,2,15,c1_i1_o0,6,538,0.5494926050443854,-1.298328297025763,1.8478209020701484
cb_rnn,2,15,c1_i1_o1,7,533,0.6902342701075672,1.4251894874753357,-0.7349552173677685
cb_rnn,3,2,c0_i0_o0,0,95,-0.04167136855815586,-0.11718828215410834,0.07551691359595249
cb_rnn,3,2,c0_i0_o1,1,98,0.5396734503458958,0.3194782983283607,0.220195152017535
cb_rnn,3,2,c0_i1_o0,2,94,-0.07591373295067473,-0.17733637956862755,0.10142264661795282
cb_rnn,3,2,c0_i1_o1,3,95,0.6796276381141261,0.7350401815615202,-0.05541254344739412
cb_rnn,3,2,c1_i0_o0,4,96,0.5622282916059097,0.4069363235806425,0.15529196802526712
cb_rnn,3,2,c1_i0_o1,5,83,-0.15143954062677292,-0.2219716971179089,0.07053215649113598
cb_rnn,3,2,c1_i1_o0,6,90,0.5114549782541064,0.49718541271156735,0.014269565542538961
cb_rnn,3,2,c1_i1_o1,7,98,-0.023240230103232423,-0.12731512027735614,0.1040748901741237
cb_rnn,3,3,c0_i0_o0,0,130,0.3441657813695761,0.29259093042749623,0.051574850942079836
cb_rnn,3,3,c0_i0_o1,1,108,1.1255580010237518,0.05596178432029707,1.0695962167034547
cb_rnn,3,3,c0_i1_o0,2,131,-0.20292203793771393,-0.6421705393390801,0.4392485014013662
cb_rnn,3,3,c0_i1_o1,3,113,0.8970546200212124,0.6519000039691418,0.24515461605207056
cb_rnn,3,3,c1_i0_o0,4,116,1.0358226602447445,0.10008672958817975,0.9357359306565647
cb_rnn,3,3,c1_i0_o1,5,143,-0.16261909120566362,-0.2849287961746429,0.1223097049689793
cb_rnn,3,3,c1_i1_o0,6,113,1.2409266581577538,0.6374249727325102,0.6035016854252435
cb_rnn,3,3,c1_i1_o1,7,106,0.22372982538533662,-0.16451112940064017,0.38824095478597676
cb_rnn,3,4,c0_i0_o0,0,124,0.5394485381942603,0.4585247450778561,0.08092379311640416
cb_rnn,3,4,c0_i0_o1,1,152,1.0349967707144587,-0.3260778228899366,1.3610745936043953
cb_rnn,3,4,c0_i1_o0,2,147,0.3766953093664987,-0.5924788751975208,0.9691741845640195
cb_rnn,3,4,c0_i1_o1,3,124,0.8661518630481535,0.5243905709395486,0.341761292108605
cb_rnn,3,4,c1_i0_o0,4,143,1.007571360031208,-0.26571166718547995,1.273283027216688
cb_rnn,3,4,c1_i0_o1,5,151,0.3608610623127577,0.04957908833559775,0.31128197397715995
cb_rnn,3,4,c1_i1_o0,6,141,1.0728454401729801,0.3555250459528984,0.7173203942200816
cb_rnn,3,4,c1_i1_o1,7,132,0.5574326129122213,-0.18702295874104355,0.7444555716532649
cb_rnn,3,5,c0_i0_o0,0,155,0.977779596659445,-0.25873180377867916,1.2365114004381241
cb_rnn,3,5,c0_i0_o1,1,167,0.6960865401043863,0.2831205579781247,0.4129659821262617
cb_rnn,3,5,c0_i1_o0,2,160,0.8283825009362772,0.2254598137922585,0.6029226871440188
cb_rnn,3,5,c0_i1_o1,3,215,0.7931623364603797,-0.233803129196167,1.0269654656565466
cb_rnn,3,5,c1_i0_o0,4,195,0.9603304119446339,0.5461916702680099,0.414138741676624
cb_rnn,3,5,c1_i0_o1,5,153,0.8470193229469598,-0.6279385863176359,1.4749579092645957
cb_rnn,3,5,c1_i1_o0,6,164,0.8605739408876838,-0.6083801690398193,1.468954109927503
cb_rnn,3,5,c1_i1_o1,7,154,0.8784317686766773,0.5736016611774246,0.30483010749925266
cb_rnn,3,6,c0_i0_o0,0,141,0.58959181046655,-0.5649591119999581,1.154550922466508
cb_rnn,3,6,c0_i0_o1,1,167,0.6294284121183578,0.5995681974702253,0.029860214648132554
cb_rnn,3,6,c0_i1_o0,2,141,0.6638158726776745,0.21239387830521197,0.45142199437246255
cb_rnn,3,6,c0_i1_o1,3,135,0.7425278429631834,-0.2819676104519102,1.0244954534150936
cb_rnn,3,6,c1_i0_o0,4,131,0.7484671008837132,0.9012309244570841,-0.15276382357337093
cb_rnn,3,6,c1_i0_o1,5,158,0.5771158282892613,-0.8076342129254643,1.3847500412147256
cb_rnn,3,6,c1_i1_o0,6,135,0.8617879655626085,-0.5589038712007028,1.4206918367633112
cb_rnn,3,6,c1_i1_o1,7,144,0.4658273915346298,0.4672730066296127,-0.0014456150949829156
cb_rnn,3,7,c0_i0_o0,0,129,0.5093414640241816,-0.3176203198557676,0.8269617838799491
cb_rnn,3,7,c0_i0_o1,1,146,0.9397322214017175,0.3067541752673992,0.6329780461343184
cb_rnn,3,7,c0_i1_o0,2,143,0.4812127902478605,-0.37131886931878705,0.8525316595666476
cb_rnn,3,7,c0_i1_o1,3,139,0.9634954890758871,0.3348894492595745,0.6286060398163127
cb_rnn,3,7,c1_i0_o0,4,147,1.2648492027200808,0.6325296123518425,0.6323195903682385
cb_rnn,3,7,c1_i0_o1,5,156,0.4114956859594736,-0.5448710298022399,0.9563667157617135
cb_rnn,3,7,c1_i1_o0,6,172,1.049115667336209,0.03149108664500852,1.0176245806912003
cb_rnn,3,7,c1_i1_o1,7,120,0.30863741456220545,-0.12359625498453776,0.43223366954674325
cb_rnn,3,8,c0_i0_o0,0,130,0.8601189616781014,-0.272090515265098,1.1322094769431994
cb_rnn,3,8,c0_i0_o1,1,131,0.5810226821944914,0.30016911516094025,0.28085356703355113
cb_rnn,3,8,c0_i1_o0,2,144,0.8929348637660345,0.06761040942122538,0.825324454344809
cb_rnn,3,8,c0_i1_o1,3,148,0.6758905521317108,-0.0495822922628675,0.7254728443945784
cb_rnn,3,8,c1_i0_o0,4,161,0.717216702351659,0.5382271602472163,0.17898954210444268
cb_rnn,3,8,c1_i0_o1,5,145,0.7833348582530844,-0.5303323190787743,1.3136671773318587
cb_rnn,3,8,c1_i1_o0,6,148,0.6012589541842809,-0.3436411714835747,0.9449001256678555
cb_rnn,3,8,c1_i1_o1,7,145,0.8213478039050924,0.2615426053774768,0.5598051985276157
cb_rnn,3,9,c0_i0_o0,0,160,0.5464910904876887,-0.6867640380747616,1.2332551285624505
cb_rnn,3,9,c0_i0_o1,1,168,0.785941501458486,0.6737187705224469,0.11222273093603906
cb_rnn,3,9,c0_i1_o0,2,137,0.5646789965838411,-0.0033431577149533875,0.5680221542987945
cb_rnn,3,9,c0_i1_o1,3,149,0.7058975016010688,0.041778798221341715,0.664118703379727
cb_rnn,3,9,c1_i0_o0,4,146,0.869220080236866,0.9412841882607709,-0.07206410802390477
cb_rnn,3,9,c1_i0_o1,5,130,0.5287762745068624,-0.8349529124223269,1.3637291869291892
cb_rnn,3,9,c1_i1_o0,6,133,0.7184729038324571,-0.15560904895900785,0.874081952791465
cb_rnn,3,9,c1_i1_o1,7,129,0.5237349806598914,0.17904654191445935,0.34468843874543215
cb_rnn,3,10,c0_i0_o0,0,235,0.5327657955124023,-0.7803577736337134,1.3131235691461158
cb_rnn,3,10,c0_i0_o1,1,202,0.6186666811014166,0.7567561476094888,-0.1380894665080722
cb_rnn,3,10,c0_i1_o0,2,223,0.4423000393059489,-0.008583280103356314,0.4508833194093052
cb_rnn,3,10,c0_i1_o1,3,191,0.6775737610786997,0.019192605391534834,0.6583811556871649
cb_rnn,3,10,c1_i0_o0,4,218,0.7186117240595161,1.0474403307457036,-0.32882860668618746
cb_rnn,3,10,c1_i0_o1,5,201,0.4772748028701959,-0.9327371174571526,1.4100119203273485
cb_rnn,3,10,c1_i1_o0,6,223,0.5817889244433476,-0.21698106203913153,0.7987699864824791
cb_rnn,3,10,c1_i1_o1,7,177,0.470480848966682,0.17059101395856188,0.2998898350081201
cb_rnn,3,11,c0_i0_o0,0,306,0.7563655996098627,-0.6573416776711645,1.4137072772810273
cb_rnn,3,11,c0_i0_o1,1,301,0.39829478459896833,0.6444194534193242,-0.24612466882035583
cb_rnn,3,11,c0_i1_o0,2,304,0.764484666287899,0.17028861235533105,0.5941960539325679
cb_rnn,3,11,c0_i1_o1,3,289,0.4418021854412803,-0.09222297157744223,0.5340251570187226
cb_rnn,3,11,c1_i0_o0,4,284,0.5071906180343997,0.8291765583652846,-0.32198594033088485
cb_rnn,3,11,c1_i0_o1,5,299,0.6667199311746801,-0.7803705150766117,1.447090446251292
cb_rnn,3,11,c1_i1_o0,6,305,0.37530564099061686,-0.2660224175233333,0.6413280585139501
cb_rnn,3,11,c1_i1_o1,7,293,0.6211608654657321,0.22783836384173548,0.3933225016239967
cb_rnn,3,12,c0_i0_o0,0,449,0.44316740627742823,-0.7169831935606714,1.1601505998380996
cb_rnn,3,12,c0_i0_o1,1,455,0.8083357091133411,0.6171437627298164,0.1911919463835247
cb_rnn,3,12,c0_i1_o0,2,426,0.4588883938486447,-0.3508796998006707,0.8097680936493155
cb_rnn,3,12,c0_i1_o1,3,409,0.7531323748069171,0.43162046683483135,0.32151190797208573
cb_rnn,3,12,c1_i0_o0,4,435,0.8117418002979508,0.7678567595522979,0.043885040745652956
cb_rnn,3,12,c1_i0_o1,5,452,0.4549929491054695,-0.7601406035730532,1.2151335526785227
cb_rnn,3,12,c1_i1_o0,6,440,0.8015603814274073,0.24646038912575352,0.5550999923016537
cb_rnn,3,12,c1_i1_o1,7,409,0.33763713329064965,-0.3507403049226349,0.6883774382132846
cb_rnn,3,13,c0_i0_o0,0,506,0.5695164478402364,-0.5584051840360692,1.1279216318763057
cb_rnn,3,13,c0_i0_o1,1,493,0.6629581091883942,0.49285826697552665,0.17009984221286753
cb_rnn,3,13,c0_i1_o0,2,496,0.5257831789147589,-0.47972634098973244,1.0055095199044914
cb_rnn,3,13,c0_i1_o1,3,509,0.6950585173739373,0.5927135724654835,0.10234494490845382
cb_rnn,3,13,c1_i0_o0,4,493,0.7810244772726818,0.6425546861384026,0.1384697911342791
cb_rnn,3,13,c1_i0_o1,5,528,0.46160591524941,-0.5675480846372066,1.0291539998866166
cb_rnn,3,13,c1_i1_o0,6,467,0.7242118225171683,0.4355995012746378,0.28861232124253056
cb_rnn,3,13,c1_i1_o1,7,502,0.42221791939847025,-0.5558977237498143,0.9781156431482845
cb_rnn,3,14,c0_i0_o0,0,523,0.5872132141947974,-0.4631743433370645,1.050387557531862
cb_rnn,3,14,c0_i0_o1,1,459,0.648048681192798,0.4768905710907803,0.17115811010201773
cb_rnn,3,14,c0_i1_o0,2,500,0.5411799464523792,-0.3856633839271963,0.9268433303795754
cb_rnn,3,14,c0_i1_o1,3,489,0.6085325176608587,0.4259864944499938,0.18254602321086486
cb_rnn,3,14,c1_i0_o0,4,545,0.7298190406703075,0.6084826305918737,0.12133641007843368
cb_rnn,3,14,c1_i0_o1,5,484,0.5251920792535871,-0.4581075077029792,0.9832995869565663
cb_rnn,3,14,c1_i1_o0,6,501,0.6349074051319482,0.3222709341558392,0.312636470976109
cb_rnn,3,14,c1_i1_o1,7,493,0.49627497075144467,-0.4933842858280722,0.9896592565795169
cb_rnn,3,15,c0_i0_o0,0,502,0.5138059091787651,-0.6405540977111197,1.154360006889885
cb_rnn,3,15,c0_i0_o1,1,561,0.6957088358262006,0.5953168524910635,0.10039198333513716
cb_rnn,3,15,c0_i1_o0,2,479,0.5178316959757396,-0.268939127900593,0.7867708238763327
cb_rnn,3,15,c0_i1_o1,3,493,0.670146625028058,0.3323208778930363,0.3378257471350216
cb_rnn,3,15,c1_i0_o0,4,529,0.8254533592041138,0.6026793342147072,0.22277402498940665
cb_rnn,3,15,c1_i0_o1,5,531,0.43357903382647955,-0.5063562365371572,0.9399352703636369
cb_rnn,3,15,c1_i1_o0,6,538,0.7714328449842655,0.315926868551615,0.4555059764326505
cb_rnn,3,15,c1_i1_o1,7,533,0.40156660293269114,-0.39380606939041146,0.7953726723231026
cb_rnn,4,2,c0_i0_o0,0,95,0.24051577684126402,0.22792788163611763,0.012587895205146388
cb_rnn,4,2,c0_i0_o1,1,98,0.054719556161031434,-0.03132110081461011,0.08604065697564155
cb_rnn,4,2,c0_i1_o0,2,94,0.2771204209074061,0.16986111852716893,0.10725930238023718
cb_rnn,4,2,c0_i1_o1,3,95,0.3444341054088191,0.2970914004664672,0.04734270494235189
cb_rnn,4,2,c1_i0_o0,4,96,0.1619239435531199,0.07970717859764893,0.08221676495547096
cb_rnn,4,2,c1_i0_o1,5,83,0.06408194739775486,0.07043164555566857,-0.006349698157913713
cb_rnn,4,2,c1_i1_o0,6,90,0.08881474696099759,0.06520541074375312,0.023609336217244467
cb_rnn,4,2,c1_i1_o1,7,98,0.21531639825932833,0.1456901567931078,0.06962624146622054
cb_rnn,4,3,c0_i0_o0,0,130,-0.13067597769773923,0.01828615080851775,-0.14896212850625698
cb_rnn,4,3,c0_i0_o1,1,108,0.6065511532403804,-0.06535871564928028,0.6719098688896608
cb_rnn,4,3,c0_i1_o0,2,131,0.1199150581396263,-0.40922099175571486,0.5291360498953411
cb_rnn,4,3,c0_i1_o1,3,113,0.9542203207986545,0.7010497403355826,0.25317058046307184
cb_rnn,4,3,c1_i0_o0,4,116,0.9889272492507408,0.29220144013906346,0.6967258091116774
cb_rnn,4,3,c1_i0_o1,5,143,-0.11518881079200265,-0.025270415561182515,-0.08991839523082013
cb_rnn,4,3,c1_i1_o0,6,113,0.8287030178888709,0.47090844717700925,0.35779457071186166
cb_rnn,4,3,c1_i1_o1,7,106,-0.0115007443248101,-0.4232762475269583,0.41177550320214823
cb_rnn,4,4,c0_i0_o0,0,124,0.46074584655223355,0.4348178210277711,0.025928025524462422
cb_rnn,4,4,c0_i0_o1,1,152,0.7769286371767521,-0.3061329930236465,1.0830616302003986
cb_rnn,4,4,c0_i1_o0,2,147,0.5143633698727809,-0.574293715410492,1.0886570852832729
cb_rnn,4,4,c0_i1_o1,3,124,0.9950437978390725,0.740682534392803,0.25436126344626947
cb_rnn,4,4,c1_i0_o0,4,143,1.0502781669993502,-0.10373768564704415,1.1540158526463942
cb_rnn,4,4,c1_i0_o1,5,151,0.2943346993812662,0.2745421880128368,0.019792511368429425
cb_rnn,4,4,c1_i1_o0,6,141,1.1614635218965246,0.6186741217442439,0.5427894001522808
cb_rnn,4,4,c1_i1_o1,7,132,0.3061160494883855,-0.6143409833312035,0.920457032819589
cb_rnn,4,5,c0_i0_o0,0,155,0.9250329617531069,0.7707974672317505,0.1542354945213564
cb_rnn,4,5,c0_i0_o1,1,167,0.6644599551926116,-0.7897526248843371,1.4542125800769485
cb_rnn,4,5,c0_i1_o0,2,160,0.9167172623798251,-0.8140681149438024,1.7307853773236275
cb_rnn,4,5,c0_i1_o1,3,215,0.8406353111876997,0.8985418426436047,-0.057906531455904936
cb_rnn,4,5,c1_i0_o0,4,195,0.9515471627314885,-0.6293253420255123,1.580872504757001
cb_rnn,4,5,c1_i0_o1,5,153,0.8617956708459293,0.7100405750516193,0.15175509579430999
cb_rnn,4,5,c1_i1_o0,6,164,1.0181628122198871,0.7802336970117034,0.23792911520818386
cb_rnn,4,5,c1_i1_o1,7,154,0.8725904702366173,-0.767813453329848,1.6404039235664654
cb_rnn,4,6,c0_i0_o0,0,141,0.9116079794599655,0.7798395507724573,0.13176842868750824
cb_rnn,4,6,c0_i0_o1,1,167,0.6201486153873855,-0.6982275811498037,1.3183761965371892
cb_rnn,4,6,c0_i1_o0,2,141,0.797752597230546,-0.9004673858483633,1.6982199830789093
cb_rnn,4,6,c0_i1_o1,3,135,0.6040048010923245,0.8696368751702486,-0.2656320740779241
cb_rnn,4,6,c1_i0_o0,4,131,0.8124462577677866,-0.673365033537377,1.4858112913051635
cb_rnn,4,6,c1_i0_o1,5,158,0.6992166996756687,0.6518262690758403,0.04739043059982831
cb_rnn,4,6,c1_i1_o0,6,135,0.9534535224790927,0.849958606561025,0.10349491591806766
cb_rnn,4,6,c1_i1_o1,7,144,0.6883389664192995,-0.7744199950248003,1.4627589614440997
cb_rnn,4,7,c0_i0_o0,0,129,0.5076512599060702,0.3995760025442109,0.10807525736185931
cb_rnn,4,7,c0_i0_o1,1,146,0.5927722121346487,-0.42818063492440195,1.0209528470590508
cb_rnn,4,7,c0_i1_o0,2,143,0.5384980926511588,-0.8752807089082011,1.41377880155936
cb_rnn,4,7,c0_i1_o1,3,139,0.6267443767768873,0.9099615192670616,-0.28321714249017427
cb_rnn,4,7,c1_i0_o0,4,147,0.9215389169803282,-0.3740895052953642,1.2956284222756924
cb_rnn,4,7,c1_i0_o1,5,156,0.3599033712958678,0.4019328606529878,-0.042029489357119955
cb_rnn,4,7,c1_i1_o0,6,172,0.8086717589650043,0.8169905811894772,-0.008318822224472845
cb_rnn,4,7,c1_i1_o1,7,120,0.3128496462168793,-0.8262079027791818,1.139057548996061
cb_rnn,4,8,c0_i0_o0,0,130,0.8497592633733383,0.6287865731578607,0.22097269021547758
cb_rnn,4,8,c0_i0_o1,1,131,0.4362100275190732,-0.5917905992863857,1.028000626805459
cb_rnn,4,8,c0_i1_o0,2,144,0.8901417678118579,-0.5953632682147953,1.4855050360266533
cb_rnn,4,8,c0_i1_o1,3,148,0.5315673508857554,0.650688086309143,-0.1191207354233877
cb_rnn,4,8,c1_i0_o0,4,161,0.5273836857135992,-0.6143568333770547,1.141740519090654
cb_rnn,4,8,c1_i0_o1,5,145,0.8190697145873103,0.5185345115332768,0.3005352030540335
cb_rnn,4,8,c1_i1_o0,6,148,0.42683852917036497,0.5646290481342254,-0.1377905189638605
cb_rnn,4,8,c1_i1_o1,7,145,0.8794216071737224,-0.5712758671620797,1.450697474335802
cb_rnn,4,9,c0_i0_o0,0,160,0.608874659333378,0.46179862376302483,0.14707603557035326
cb_rnn,4,9,c0_i0_o1,1,168,0.591965754915561,-0.4906263251655868,1.0825920800811477
cb_rnn,4,9,c0_i1_o0,2,137,0.6838055075737681,-0.8858393667823207,1.569644874356089
cb_rnn,4,9,c0_i1_o1,3,149,0.6412030604461696,0.8485480299432006,-0.20734496949703102
cb_rnn,4,9,c1_i0_o0,4,146,0.7159995695397462,-0.41689710969692223,1.1328966792366684
cb_rnn,4,9,c1_i0_o1,5,130,0.5947878184799965,0.4315347783267498,0.16325304015324665
cb_rnn,4,9,c1_i1_o0,6,133,0.6828347648444929,0.8112234659212872,-0.1283887010767944
cb_rnn,4,9,c1_i1_o1,7,129,0.6622217872808146,-0.8533377548058828,1.5155595420866974
cb_rnn,4,10,c0_i0_o0,0,235,0.6336978071547569,0.3949748403372917,0.23872296681746524
cb_rnn,4,10,c0_i0_o1,1,202,0.6255468066302267,-0.36077743473619517,0.9863242413664218
cb_rnn,4,10,c0_i1_o0,2,223,0.5777614014432034,-0.8320755198130159,1.4098369212562194
cb_rnn,4,10,c0_i1_o1,3,191,0.663217111095708,0.7868998030405394,-0.12368269194483134
cb_rnn,4,10,c1_i0_o0,4,218,0.7044323203965611,-0.2798059442413783,0.9842382646379394
cb_rnn,4,10,c1_i0_o1,5,201,0.533486310485287,0.295517680286175,0.2379686301991121
cb_rnn,4,10,c1_i1_o0,6,223,0.6560557305879657,0.7845576652764205,-0.12850193468845478
cb_rnn,4,10,c1_i1_o1,7,177,0.5737981664300975,-0.7359288188360505,1.309726985266148
cb_rnn,4,11,c0_i0_o0,0,306,0.7588314667733667,0.5274433251105103,0.23138814166285634
cb_rnn,4,11,c0_i0_o1,1,301,0.45926637784191143,-0.4329450497546069,0.8922114275965184
cb_rnn,4,11,c0_i1_o0,2,304,0.8192326789476762,-0.5673232860618124,1.3865559650094885
cb_rnn,4,11,c0_i1_o1,3,289,0.5938454494138078,0.6084608086304268,-0.014615359216619115
cb_rnn,4,11,c1_i0_o0,4,284,0.5253461504118963,-0.4046901365427274,0.9300362869546237
cb_rnn,4,11,c1_i0_o1,5,299,0.706035255164805,0.4651891681362554,0.24084608702854968
cb_rnn,4,11,c1_i1_o0,6,305,0.5171820576440116,0.47160067521646376,0.0455813824275478
cb_rnn,4,11,c1_i1_o1,7,293,0.7081190456251643,-0.5065272626158728,1.214646308241037
cb_rnn,4,12,c0_i0_o0,0,449,0.40486385609398706,0.565607017723383,-0.16074316162939592
cb_rnn,4,12,c0_i0_o1,1,455,0.6458942896553448,-0.614650762441394,1.260545052096739
cb_rnn,4,12,c0_i1_o0,2,426,0.4622779248955664,-1.0725963454291294,1.5348742703246958
cb_rnn,4,12,c0_i1_o1,3,409,0.7439432404844277,1.0846621692909297,-0.34071892880650195
cb_rnn,4,12,c1_i0_o0,4,435,0.7424614709598579,-0.49716616714822837,1.2396276381080864
cb_rnn,4,12,c1_i0_o1,5,452,0.3407956738173302,0.5099528662992262,-0.16915719248189598
cb_rnn,4,12,c1_i1_o0,6,440,0.747434307821095,1.0238771866668355,-0.2764428788457404
cb_rnn,4,12,c1_i1_o1,7,409,0.3779527797092727,-1.044967630381689,1.4229204100909618
cb_rnn,4,13,c0_i0_o0,0,506,0.5178439281954478,0.7226487418761838,-0.20480481368073597
cb_rnn,4,13,c0_i0_o1,1,493,0.601119015857003,-0.7190242961018855,1.3201433119588886
cb_rnn,4,13,c0_i1_o0,2,496,0.5135359502878161,-1.1037608619418837,1.6172968122296996
cb_rnn,4,13,c0_i1_o1,3,509,0.7163079720217376,1.116974252380416,-0.40066628035867846
cb_rnn,4,13,c1_i0_o0,4,493,0.6275595467968355,-0.5940408066338264,1.2216003534306619
cb_rnn,4,13,c1_i0_o1,5,528,0.4602599425636458,0.6239727131429721,-0.16371277057932634
cb_rnn,4,13,c1_i1_o0,6,467,0.6745126622407926,1.0169048665422444,-0.34239220430145173
cb_rnn,4,13,c1_i1_o1,7,502,0.5531514671248982,-1.0341207754920678,1.5872722426169659
cb_rnn,4,14,c0_i0_o0,0,523,0.526408287944062,0.690575407557973,-0.16416711961391095
cb_rnn,4,14,c0_i0_o1,1,459,0.5634968362927177,-0.7012490576745898,1.2647458939673075
cb_rnn,4,14,c0_i1_o0,2,500,0.5700210817754269,-1.0041079884916544,1.5741290702670812
cb_rnn,4,14,c0_i1_o1,3,489,0.620129351395588,1.0280874682350394,-0.40795811683945127
cb_rnn,4,14,c1_i0_o0,4,545,0.6636551873126161,-0.5413433883099927,1.204998575622609
cb_rnn,4,14,c1_i0_o1,5,484,0.41385477252520064,0.579037035992446,-0.16518226346724535
cb_rnn,4,14,c1_i1_o0,6,501,0.705262385397971,0.9036749639732395,-0.19841257857526848
cb_rnn,4,14,c1_i1_o1,7,493,0.513013465500023,-0.9660735558907352,1.4790870213907583
cb_rnn,4,15,c0_i0_o0,0,502,0.4696235877732594,0.6968046952914669,-0.2271811075182075
cb_rnn,4,15,c0_i0_o1,1,561,0.6517664980800713,-0.7388072412547368,1.390573739334808
cb_rnn,4,15,c0_i1_o0,2,479,0.4378688562047009,-0.9930455394415866,1.4309143956462873
cb_rnn,4,15,c0_i1_o1,3,493,0.7251416260856403,1.0410556559116555,-0.3159140298260153
cb_rnn,4,15,c1_i0_o0,4,529,0.7241804958488405,-0.6045944817462806,1.328774977595121
cb_rnn,4,15,c1_i0_o1,5,531,0.37632128789936753,0.6074944530980286,-0.23117316519866107
cb_rnn,4,15,c1_i1_o0,6,538,0.6982636546999992,0.9636839132991422,-0.26542025859914303
cb_rnn,4,15,c1_i1_o1,7,533,0.530410800709286,-0.9783482236078264,1.5087590243171125
cb_rnn,5,2,c0_i0_o0,0,95,0.2998457922747261,0.2927612688980604,0.007084523376665618
cb_rnn,5,2,c0_i0_o1,1,98,0.10041415467098051,-0.0034163260300244603,0.10383048070100498
cb_rnn,5,2,c0_i1_o0,2,94,0.35731771715143895,0.16683621823470643,0.1904814989167325
cb_rnn,5,2,c0_i1_o1,3,95,0.5194175190047214,0.4461643962483657,0.07325312275635569
cb_rnn,5,2,c1_i0_o0,4,96,0.31783523814131814,0.22261546024431786,0.09521977789700031
cb_rnn,5,2,c1_i0_o1,5,83,0.16360596190375018,0.13132287418267813,0.032283087721072044
cb_rnn,5,2,c1_i1_o0,6,90,0.288574314614137,0.20204907308022182,0.0865252415339152
cb_rnn,5,2,c1_i1_o1,7,98,0.46824730750249355,0.2872868569529786,0.18096045054951493
cb_rnn,5,3,c0_i0_o0,0,130,0.31363765459794263,-0.04380322411083258,0.3574408787087752
cb_rnn,5,3,c0_i0_o1,1,108,0.9710832839762723,0.328099407531597,0.6429838764446753
cb_rnn,5,3,c0_i1_o0,2,131,-0.005250657105263863,-0.44487760335434484,0.439626946249081
cb_rnn,5,3,c0_i1_o1,3,113,0.9871441067847531,0.3509694201690433,0.6361746866157098
cb_rnn,5,3,c1_i0_o0,4,116,1.0299832620497407,0.5552596064477131,0.4747236556020276
cb_rnn,5,3,c1_i0_o1,5,143,-0.02908660877834667,-0.5219959722949075,0.4929093635165608
cb_rnn,5,3,c1_i1_o0,6,113,1.1184649456918767,0.18712749440981225,0.9313374512820645
cb_rnn,5,3,c1_i1_o1,7,106,0.30446352669090593,-0.04335899362867733,0.3478225203195833
cb_rnn,5,4,c0_i0_o0,0,124,0.43430990605585035,0.12113441911435896,0.3131754869414914
cb_rnn,5,4,c0_i0_o1,1,152,1.0578796985118013,-0.014475377166251602,1.0723550756780529
cb_rnn,5,4,c0_i1_o0,2,147,0.2875078594198032,-0.552252343925489,0.8397602033452923
cb_rnn,5,4,c0_i1_o1,3,124,0.8507727319675107,0.5230882208674185,0.3276845111000922
cb_rnn,5,4,c1_i0_o0,4,143,1.2334241225169256,0.10821902475782208,1.1252050977591035
cb_rnn,5,4,c1_i0_o1,5,151,0.23598285720048362,-0.20725073759129506,0.44323359479177865
cb_rnn,5,4,c1_i1_o0,6,141,1.2082651726743008,0.3137197955280331,0.8945453771462677
cb_rnn,5,4,c1_i1_o1,7,132,0.4246935270952456,-0.09719307088490689,0.5218865979801525
cb_rnn,5,5,c0_i0_o0,0,155,0.9566735949247114,-0.10501094744090111,1.0616845423656125
cb_rnn,5,5,c0_i0_o1,1,167,0.8626637301759091,0.13093739511545546,0.7317263350604537
cb_rnn,5,5,c0_i1_o0,2,160,0.6632368668913842,-0.07362488023936749,0.7368617471307516
cb_rnn,5,5,c0_i1_o1,3,215,0.8310500001491502,0.08914099158935769,0.7419090085597926
cb_rnn,5,5,c1_i0_o0,4,195,0.9819040481860821,0.40198658376167984,0.5799174644244023
cb_rnn,5,5,c1_i0_o1,5,153,0.655979094649452,-0.4437836772865719,1.099762771936024
cb_rnn,5,5,c1_i1_o0,6,164,1.024413630548047,-0.24307106726053285,1.2674846978085796
cb_rnn,5,5,c1_i1_o1,7,154,0.8635859907447517,0.2489691102853069,0.6146168804594448
cb_rnn,5,6,c0_i0_o0,0,141,0.5163144508363507,-0.30340294370837245,0.8197173945447231
cb_rnn,5,6,c0_i0_o1,1,167,0.784686090881953,0.325944206761029,0.45874188412092404
cb_rnn,5,6,c0_i1_o0,2,141,0.5422207895956986,-0.14041757002367194,0.6826383596193706
cb_rnn,5,6,c0_i1_o1,3,135,0.8675519819612856,0.07563560759579693,0.7919163743654887
cb_rnn,5,6,c1_i0_o0,4,131,0.8671648202051643,0.6019736373697528,0.2651911828354115
cb_rnn,5,6,c1_i0_o1,5,158,0.36582862129552834,-0.5058347369673886,0.8716633582629169
cb_rnn,5,6,c1_i1_o0,6,135,0.986432174620805,-0.15307365578633766,1.1395058304071426
cb_rnn,5,6,c1_i1_o1,7,144,0.4374711136851046,0.08351736774461137,0.3539537459404932
cb_rnn,5,7,c0_i0_o0,0,129,0.42105466556237187,-0.1111944396944009,0.5322491052567728
cb_rnn,5,7,c0_i0_o1,1,146,1.1037623541914436,-0.0077110167898952146,1.111473370981339
cb_rnn,5,7,c0_i1_o0,2,143,0.37838036905635486,-0.6306704425650251,1.00905081162138
cb_rnn,5,7,c0_i1_o1,3,139,1.142492520991418,0.7054631893904947,0.43702933160092333
cb_rnn,5,7,c1_i0_o0,4,147,1.2763215491459483,0.37713636118335786,0.8991851879625904
cb_rnn,5,7,c1_i0_o1,5,156,0.3343454962835098,-0.1869957952354199,0.5213412915189297
cb_rnn,5,7,c1_i1_o0,6,172,1.1674332478365232,0.38683543419248834,0.7805978136440349
cb_rnn,5,7,c1_i1_o1,7,120,0.3185228471333782,-0.4974616613859932,0.8159845085193713
cb_rnn,5,8,c0_i0_o0,0,130,0.6976204013595214,0.132145960858235,0.5654744405012865
cb_rnn,5,8,c0_i0_o1,1,131,0.6746740390098732,-0.19191880683407528,0.8665928458439485
cb_rnn,5,8,c0_i1_o0,2,144,0.7918568632254998,-0.3769110487256613,1.1687679119511611
cb_rnn,5,8,c0_i1_o1,3,148,0.7298085125716957,0.39617917424923665,0.33362933832245906
cb_rnn,5,8,c1_i0_o0,4,161,0.8342803559318093,0.03322255102373799,0.8010578049080712
cb_rnn,5,8,c1_i0_o1,5,145,0.5808257873716025,0.035232527554035185,0.5455932598175673
cb_rnn,5,8,c1_i1_o0,6,148,0.7589150625910308,0.22508858426197156,0.5338264783290593
cb_rnn,5,8,c1_i1_o1,7,145,0.6042537716955975,-0.263283610652233,0.8675373823478304
cb_rnn,5,9,c0_i0_o0,0,160,0.5332885819952935,-0.23930673832073807,0.7725953203160316
cb_rnn,5,9,c0_i0_o1,1,168,0.9540468742627473,0.23425043343255916,0.7197964408301881
cb_rnn,5,9,c0_i1_o0,2,137,0.6248511353874728,-0.2611028346484595,0.8859539700359323
cb_rnn,5,9,c0_i1_o1,3,149,0.8271283450342665,0.3234142518083521,0.5037140932259143
cb_rnn,5,9,c1_i0_o0,4,146,1.027412659195188,0.4256666214907006,0.6017460377044874
cb_rnn,5,9,c1_i0_o1,5,130,0.5601543429952401,-0.33407805882967434,0.8942324018249145
cb_rnn,5,9,c1_i1_o0,6,133,0.9092882631864763,0.20210264018155577,0.7071856230049205
cb_rnn,5,9,c1_i1_o1,7,129,0.5009709898122522,-0.12224755430406378,0.6232185441163159
cb_rnn,5,10,c0_i0_o0,0,235,0.4669972176564501,-0.34627506225667104,0.8132722799131211
cb_rnn,5,10,c0_i0_o1,1,202,0.7948305986010202,0.3134231671672499,0.48140743143377035
cb_rnn,5,10,c0_i1_o0,2,223,0.4719141619154691,-0.2748398555801856,0.7467540174956546
cb_rnn,5,10,c0_i1_o1,3,191,0.7965586317303293,0.34530470274505815,0.45125392898527117
cb_rnn,5,10,c1_i0_o0,4,218,0.7796989287241199,0.5422063916238076,0.23749253710031237
cb_rnn,5,10,c1_i0_o1,5,201,0.4976405529907687,-0.4004940689536766,0.8981346219444453
cb_rnn,5,10,c1_i1_o0,6,223,0.7680850005604226,0.12541975070943748,0.6426652498509852
cb_rnn,5,10,c1_i1_o1,7,177,0.42842763195098454,-0.14830892302601015,0.5767365549769947
cb_rnn,5,11,c0_i0_o0,0,306,0.6374712116724136,-0.29483831381376563,0.9323095254861792
cb_rnn,5,11,c0_i0_o1,1,301,0.6399225391125758,0.28749190461496976,0.3524306344976061
cb_rnn,5,11,c0_i1_o0,2,304,0.5821426035591254,-0.04050625103991479,0.6226488545990402
cb_rnn,5,11,c0_i1_o1,3,289,0.6355360069386274,0.0884181595694235,0.5471178473692039
cb_rnn,5,11,c1_i0_o0,4,284,0.5270089588167381,0.4206633905447285,0.10634556827200971
cb_rnn,5,11,c1_i0_o1,5,299,0.6981637902981461,-0.346007972295368,1.044171762593514
cb_rnn,5,11,c1_i1_o0,6,305,0.49530142744789357,-0.044222095852992575,0.5395235233008862
cb_rnn,5,11,c1_i1_o1,7,293,0.6029118179715535,-0.0032942227180093628,0.6062060406895627
cb_rnn,5,12,c0_i0_o0,0,449,0.5365476636983504,-0.3335674156192151,0.8701150793175655
cb_rnn,5,12,c0_i0_o1,1,455,0.7872055181107678,0.36958228284186057,0.4176232352689072
cb_rnn,5,12,c0_i1_o0,2,426,0.4536447196306897,-0.3282750120622591,0.7819197316929488
cb_rnn,5,12,c0_i1_o1,3,409,0.823794575184948,0.2895493118643469,0.5342452633206011
cb_rnn,5,12,c1_i0_o0,4,435,0.8191475866854876,0.4695721046335396,0.349575482051948
cb_rnn,5,12,c1_i0_o1,5,452,0.5046308117102732,-0.44487220812094425,0.9495030198312175
cb_rnn,5,12,c1_i1_o0,6,440,0.7648670499636369,0.20311045941304076,0.561756590550596
cb_rnn,5,12,c1_i1_o1,7,409,0.5028636270637618,-0.19154003771673206,0.6944036647804938
cb_rnn,5,13,c0_i0_o0,0,506,0.6153930135940021,-0.1034814967468322,0.7188745103408343
cb_rnn,5,13,c0_i0_o1,1,493,0.5825595575673826,0.13806748909320357,0.4444920684741791
cb_rnn,5,13,c0_i1_o0,2,496,0.5468992593908503,-0.3612324573069571,0.9081317166978072
cb_rnn,5,13,c0_i1_o1,3,509,0.6991774364574016,0.38934767738072484,0.3098297590766768
cb_rnn,5,13,c1_i0_o0,4,493,0.7932510272907679,0.24631463047154778,0.5469363968192201
cb_rnn,5,13,c1_i0_o1,5,528,0.49300766325640405,-0.21941819609227506,0.7124258593486791
cb_rnn,5,13,c1_i1_o0,6,467,0.6901305174610599,0.26344840250893375,0.4266821149521262
cb_rnn,5,13,c1_i1_o1,7,502,0.4674749836043651,-0.18259371529181165,0.6500686988961768
cb_rnn,5,14,c0_i0_o0,0,523,0.6358045840468507,0.04375266238163808,0.5920519216652126
cb_rnn,5,14,c0_i0_o1,1,459,0.5419569210127029,0.01073794558741688,0.531218975425286
cb_rnn,5,14,c0_i1_o0,2,500,0.6285205606371165,-0.26035307259857654,0.888873633235693
cb_rnn,5,14,c0_i1_o1,3,489,0.6009135018874165,0.30130741109877274,0.2996060907886438
cb_rnn,5,14,c1_i0_o0,4,545,0.7049451301404096,0.11368014628939126,0.5912649838510183
cb_rnn,5,14,c1_i0_o1,5,484,0.5856461870707264,-0.06156827995846094,0.6472144670291873
cb_rnn,5,14,c1_i1_o0,6,501,0.6276271544441492,0.17725498893274041,0.45037216551140874
cb_rnn,5,14,c1_i1_o1,7,493,0.5704346348514543,-0.15513816438842012,0.7255727992398744
cb_rnn,5,15,c0_i0_o0,0,502,0.49584525091892695,0.0021589997918363586,0.4936862511270906
cb_rnn,5,15,c0_i0_o1,1,561,0.647106271728528,-0.005046206733972206,0.6521524784625001
cb_rnn,5,15,c0_i1_o0,2,479,0.5365531850676198,-0.18406212220983365,0.7206153072774535
cb_rnn,5,15,c0_i1_o1,3,493,0.7403999139190204,0.21876052617422223,0.5216393877447981
cb_rnn,5,15,c1_i0_o0,4,529,0.8416453427608726,0.093724141400906,0.7479212013599665
cb_rnn,5,15,c1_i0_o1,5,531,0.3790981930359609,-0.11008169042497255,0.48917988346093344
cb_rnn,5,15,c1_i1_o0,6,538,0.7866865162734206,0.14679117115789186,0.6398953451155287
cb_rnn,5,15,c1_i1_o1,7,533,0.44729050524239244,-0.09121075468260173,0.5385012599249942
cb_rnn,6,2,c0_i0_o0,0,95,0.10850195857255082,0.047625464632322916,0.06087649394022791
cb_rnn,6,2,c0_i0_o1,1,98,0.2139534887914755,0.19974576347336478,0.01420772531811072
cb_rnn,6,2,c0_i1_o0,2,94,0.060773982408833,0.07818096192514008,-0.01740697951630709
cb_rnn,6,2,c0_i1_o1,3,95,0.33468706168626483,0.26041927996434666,0.07426778172191821
cb_rnn,6,2,c1_i0_o0,4,96,0.2460841896633307,0.24036206118762493,0.005722128475705783
cb_rnn,6,2,c1_i0_o1,5,83,-0.02339267744177795,-0.06844768677669835,0.045055009334920404
cb_rnn,6,2,c1_i1_o0,6,90,0.18575614442427954,0.11220229110784001,0.07355385331643952
cb_rnn,6,2,c1_i1_o1,7,98,0.06772945809881298,0.09804946317204408,-0.030320005073231095
cb_rnn,6,3,c0_i0_o0,0,130,0.07434048125377068,-0.19606840301018494,0.27040888426395565
cb_rnn,6,3,c0_i0_o1,1,108,0.686981093828325,0.33493054658174515,0.35205054724657975
cb_rnn,6,3,c0_i1_o0,2,131,-0.11350282480698505,-0.4273894398494531,0.31388661504246806
cb_rnn,6,3,c0_i1_o1,3,113,0.7500139084537473,0.6047072049263305,0.14530670352741681
cb_rnn,6,3,c1_i0_o0,4,116,0.8972457534280317,0.5665455121418526,0.33070024128617914
cb_rnn,6,3,c1_i0_o1,5,143,-0.15498571431303357,-0.4572676214930061,0.3022819071799725
cb_rnn,6,3,c1_i1_o0,6,113,0.7614526374150167,0.47101446379602485,0.2904381736189918
cb_rnn,6,3,c1_i1_o1,7,106,0.01377355490090712,-0.2469664069841493,0.2607399618850564
cb_rnn,6,4,c0_i0_o0,0,124,0.5948390830909053,0.102569360856808,0.4922697222340972
cb_rnn,6,4,c0_i0_o1,1,152,0.7558552869350502,0.07275338363098471,0.6831019033040655
cb_rnn,6,4,c0_i1_o0,2,147,0.38384492381089397,-0.34978599086099743,0.7336309146718915
cb_rnn,6,4,c0_i1_o1,3,124,0.644561005215491,0.33880211929640464,0.3057588859190864
cb_rnn,6,4,c1_i0_o0,4,143,0.8473254645412619,0.2107897904160973,0.6365356741251645
cb_rnn,6,4,c1_i0_o1,5,151,0.39937817655651775,-0.24980264122517692,0.6491808177816947
cb_rnn,6,4,c1_i1_o0,6,141,0.736584334931475,0.2751521380446481,0.4614321968868269
cb_rnn,6,4,c1_i1_o1,7,132,0.3986853961691712,-0.11081506430425427,0.5095004604734255
cb_rnn,6,5,c0_i0_o0,0,155,0.7207337900515526,0.10551369819910296,0.6152200918524496
cb_rnn,6,5,c0_i0_o1,1,167,0.5593156275634994,-0.03490444317370832,0.5942200707372077
cb_rnn,6,5,c0_i1_o0,2,160,0.7391739211976528,-0.04824555539526045,0.7874194765929132
cb_rnn,6,5,c0_i1_o1,3,215,0.5521339378384656,0.0677940884994906,0.48433984933897506
cb_rnn,6,5,c1_i0_o0,4,195,0.5999983413097186,0.0992419879596967,0.5007563533500219
cb_rnn,6,5,c1_i0_o1,5,153,0.6950298506839603,-0.15377591231387425,0.8488057629978345
cb_rnn,6,5,c1_i1_o0,6,164,0.7275314015767923,-0.0004766389909313946,0.7280080405677237
cb_rnn,6,5,c1_i1_o1,7,154,0.7049085246278094,0.10099140628446619,0.6039171183433432
cb_rnn,6,6,c0_i0_o0,0,141,0.6266277857811738,-0.14881794656633485,0.7754457323475087
cb_rnn,6,6,c0_i0_o1,1,167,0.6184344918071153,0.21558716139215195,0.40284733041496334
cb_rnn,6,6,c0_i1_o0,2,141,0.5855582132935524,-0.047996802215880534,0.6335550155094329
cb_rnn,6,6,c0_i1_o1,3,135,0.5178937278412007,0.03549571616782082,0.4823980116733798
cb_rnn,6,6,c1_i0_o0,4,131,0.6726430250715664,0.3449638680988596,0.3276791569727068
cb_rnn,6,6,c1_i0_o1,5,158,0.47206838603449774,-0.3370157541070558,0.8090841401415535
cb_rnn,6,6,c1_i1_o0,6,135,0.7918313539690441,0.008430965299959537,0.7834003886690846
cb_rnn,6,6,c1_i1_o1,7,144,0.4499292648914788,0.07919903164212075,0.370730233249358
cb_rnn,6,7,c0_i0_o0,0,129,0.6530622889598211,-0.571075907049253,1.224138196009074
cb_rnn,6,7,c0_i0_o1,1,146,0.7861239139551985,0.5022347130595821,0.2838892008956165
cb_rnn,6,7,c0_i1_o0,2,143,0.687297696781742,0.24263843253150685,0.4446592642502351
cb_rnn,6,7,c0_i1_o1,3,139,0.8638319359730473,-0.2346023055289289,1.0984342415019763
cb_rnn,6,7,c1_i0_o0,4,147,1.0213650926744857,0.7210506985382158,0.30031439413626987
cb_rnn,6,7,c1_i0_o1,5,156,0.537328909485577,-0.6983028124922361,1.235631721977813
cb_rnn,6,7,c1_i1_o0,6,172,1.002021003601163,-0.35868885359445285,1.3607098571956158
cb_rnn,6,7,c1_i1_o1,7,120,0.5856012643004457,0.32304384677360454,0.26255741752684114
cb_rnn,6,8,c0_i0_o0,0,130,0.9373041301965713,-0.23547954009129451,1.1727836702878658
cb_rnn,6,8,c0_i0_o1,1,131,0.4923233409191816,0.2263483154295965,0.26597502548958507
cb_rnn,6,8,c0_i1_o0,2,144,0.987695784204536,0.40400311899267966,0.5836926652118564
cb_rnn,6,8,c0_i1_o1,3,148,0.5131157466739014,-0.3345499233770612,0.8476656700509626
cb_rnn,6,8,c1_i0_o0,4,161,0.6810545888006317,0.2854195938023351,0.3956349949982966
cb_rnn,6,8,c1_i0_o1,5,145,0.7719642508646537,-0.3767937406126795,1.1487579914773334
cb_rnn,6,8,c1_i1_o0,6,148,0.5777799184559971,-0.4280023290649862,1.0057822475209832
cb_rnn,6,8,c1_i1_o1,7,145,0.9059341434774728,0.4362630372931217,0.46967110618435104
cb_rnn,6,9,c0_i0_o0,0,160,0.7582091887015849,-0.3911255861632526,1.1493347748648375
cb_rnn,6,9,c0_i0_o1,1,168,0.6897017401421354,0.3205920245853208,0.36910971555681454
cb_rnn,6,9,c0_i1_o0,2,137,0.7539098511864669,0.23609335606333112,0.5178164951231358
cb_rnn,6,9,c0_i1_o1,3,149,0.631984042841316,-0.24930928452502962,0.8812933273663457
cb_rnn,6,9,c1_i0_o0,4,146,0.8185435496270657,0.4624114831628865,0.35613206646417916
cb_rnn,6,9,c1_i0_o1,5,130,0.6434094559257993,-0.47902162241247986,1.1224310783382792
cb_rnn,6,9,c1_i1_o0,6,133,0.8156332135536617,-0.3012572026958591,1.1168904162495208
cb_rnn,6,9,c1_i1_o1,7,129,0.7265733284659164,0.267684417524079,0.45888891094183737
cb_rnn,6,10,c0_i0_o0,0,235,0.7200789630413056,-0.2858075925010316,1.005886555542337
cb_rnn,6,10,c0_i0_o1,1,202,0.5426834251473446,0.27584730539618446,0.2668361197511601
cb_rnn,6,10,c0_i1_o0,2,223,0.63712756121907,0.21651143164712217,0.4206161295719478
cb_rnn,6,10,c0_i1_o1,3,191,0.5207062997704089,-0.19069486329848853,0.7114011630688974
cb_rnn,6,10,c1_i0_o0,4,218,0.6868612363319332,0.4289072717821926,0.2579539645497405
cb_rnn,6,10,c1_i0_o1,5,201,0.570588558245061,-0.4118428376702527,0.9824313959153137
cb_rnn,6,10,c1_i1_o0,6,223,0.6985881141482981,-0.27890283537552496,0.9774909495238231
cb_rnn,6,10,c1_i1_o1,7,177,0.6007243676037438,0.2821481814660595,0.31857618613768435
cb_rnn,6,11,c0_i0_o0,0,306,0.7612559472155922,0.07575658949250294,0.6854993577230892
cb_rnn,6,11,c0_i0_o1,1,301,0.41013546130833434,-0.055423159845346626,0.46555862115368096
cb_rnn,6,11,c0_i1_o0,2,304,0.719245647202785,0.06479237540808849,0.6544532717946966
cb_rnn,6,11,c0_i1_o1,3,289,0.41711227765957787,-0.0042641156040467195,0.42137639326362464
cb_rnn,6,11,c1_i0_o0,4,284,0.4555221670110461,0.024674419871151026,0.43084774713989504
cb_rnn,6,11,c1_i0_o1,5,299,0.6193461566415918,-0.008962854892513824,0.6283090115341056
cb_rnn,6,11,c1_i1_o0,6,305,0.4997358279882884,-0.12642033575255363,0.626156163740842
cb_rnn,6,11,c1_i1_o1,7,293,0.6457036898150379,0.0864572885029857,0.5592464013120522
cb_rnn,6,12,c0_i0_o0,0,449,0.7303019765689803,0.1560615194434578,0.5742404571255225
cb_rnn,6,12,c0_i0_o1,1,455,0.5418074516477166,-0.22764430271236452,0.7694517543600811
cb_rnn,6,12,c0_i1_o0,2,426,0.7167230068308087,-0.20120175104553292,0.9179247578763416
cb_rnn,6,12,c0_i1_o1,3,409,0.5695952898743027,0.23850556433856632,0.3310897255357364
cb_rnn,6,12,c1_i0_o0,4,435,0.6510689372132564,-0.10810575790532019,0.7591746951185766
cb_rnn,6,12,c1_i0_o1,5,452,0.5394755535948593,0.08712647229523719,0.4523490812996221
cb_rnn,6,12,c1_i1_o0,6,440,0.7330597129904411,0.19198317085816102,0.5410765421322801
cb_rnn,6,12,c1_i1_o1,7,409,0.6257333939844938,-0.2074559181564303,0.8331893121409242
cb_rnn,6,13,c0_i0_o0,0,506,0.6827288322931104,0.20499383694981868,0.4777349953432917
cb_rnn,6,13,c0_i0_o1,1,493,0.5856946465496964,-0.2396073839334397,0.8253020304831361
cb_rnn,6,13,c0_i1_o0,2,496,0.6148397726637702,-0.21947806476870732,0.8343178374324774
cb_rnn,6,13,c0_i1_o1,3,509,0.6778748624744022,0.24928152578752963,0.42859333668687255
cb_rnn,6,13,c1_i0_o0,4,493,0.5494155778037667,-0.0830164666062799,0.6324320444100466
cb_rnn,6,13,c1_i0_o1,5,528,0.640799946631446,0.11128557975065302,0.529514366880793
cb_rnn,6,13,c1_i1_o0,6,467,0.5187477269698517,0.19902229748618425,0.31972542948366744
cb_rnn,6,13,c1_i1_o1,7,502,0.7277020753261103,-0.22335414986211466,0.951056225188225
cb_rnn,6,14,c0_i0_o0,0,523,0.6589796610717905,0.2120356760548702,0.4469439850169204
cb_rnn,6,14,c0_i0_o1,1,459,0.5602564534054733,-0.2494437201658755,0.8097001735713487
cb_rnn,6,14,c0_i1_o0,2,500,0.6757883815318346,-0.08971557687222957,0.7655039584040642
cb_rnn,6,14,c0_i1_o1,3,489,0.5489868513158006,0.14098677208650942,0.4080000792292912
cb_rnn,6,14,c1_i0_o0,4,545,0.5039120103514523,-0.10163631134350365,0.6055483216949559
cb_rnn,6,14,c1_i0_o1,5,484,0.5958994966277407,0.1391142912532303,0.45678520537451034
cb_rnn,6,14,c1_i1_o0,6,501,0.5612694604281417,0.05903425479601481,0.502235205632127
cb_rnn,6,14,c1_i1_o1,7,493,0.6794570030202488,-0.10895656767106685,0.7884135706913157
cb_rnn,6,15,c0_i0_o0,0,502,0.7124087827176271,0.38796286183442785,0.32444592088319923
cb_rnn,6,15,c0_i0_o1,1,561,0.4506164668576125,-0.4109795056781507,0.8615959725357631
cb_rnn,6,15,c0_i1_o0,2,479,0.6902970134247569,-0.2338365571017305,0.9241335705264874
cb_rnn,6,15,c0_i1_o1,3,493,0.49023013479977423,0.26383633563261005,0.2263937991671642
cb_rnn,6,15,c1_i0_o0,4,529,0.4420697771519817,-0.2916971723388859,0.7337669494908676
cb_rnn,6,15,c1_i0_o1,5,531,0.629465902515331,0.2731938601353972,0.35627204237993376
cb_rnn,6,15,c1_i1_o0,6,538,0.4911148612107043,0.2191547881933033,0.271960073017401
cb_rnn,6,15,c1_i1_o1,7,533,0.7068407150862588,-0.2275392351773398,0.9343799502635987
cb_rnn,7,2,c0_i0_o0,0,95,0.05651416539361603,-0.04974159174843838,0.1062557571420544
cb_rnn,7,2,c0_i0_o1,1,98,0.21256070234337632,0.12846277106781395,0.08409793127556237
cb_rnn,7,2,c0_i1_o0,2,94,0.2060160346804781,0.10449503861526226,0.10152099606521586
cb_rnn,7,2,c0_i1_o1,3,95,0.63949539535924,0.5931462275354485,0.046349167823791504
cb_rnn,7,2,c1_i0_o0,4,96,0.3454212912668784,0.2892128213619192,0.0562084699049592
cb_rnn,7,2,c1_i0_o1,5,83,-0.08701597755572882,-0.1806173468210611,0.09360136926533227
cb_rnn,7,2,c1_i1_o0,6,90,0.35416398578219943,0.3230743149916331,0.031089670790566338
cb_rnn,7,2,c1_i1_o1,7,98,0.1868184217993094,0.09585648820716508,0.09096193359214433
cb_rnn,7,3,c0_i0_o0,0,130,0.2290886110984362,-0.1542293259730706,0.3833179370715068
cb_rnn,7,3,c0_i0_o1,1,108,0.8023185660993611,0.29812503578486266,0.5041935303144984
cb_rnn,7,3,c0_i1_o0,2,131,-0.05945814224599882,-0.6513301757455782,0.5918720334995794
cb_rnn,7,3,c0_i1_o1,3,113,0.7666097536551214,0.7228269257904154,0.04378282786470599
cb_rnn,7,3,c1_i0_o0,4,116,0.9823263991495659,0.5819490333569461,0.4003773657926198
cb_rnn,7,3,c1_i0_o1,5,143,-0.07683925830817723,-0.45476140800889553,0.3779221497007183
cb_rnn,7,3,c1_i1_o0,6,113,0.8553621230927189,0.5689154538960584,0.28644666919666056
cb_rnn,7,3,c1_i1_o1,7,106,0.05531491367322094,-0.43358465354397613,0.4888995672171971
cb_rnn,7,4,c0_i0_o0,0,124,0.5949166477207215,0.2533229287833937,0.34159371893732776
cb_rnn,7,4,c0_i0_o1,1,152,0.8018858008282749,-0.03064525181329564,0.8325310526415706
cb_rnn,7,4,c0_i1_o0,2,147,0.4125598181469911,-0.576935716835009,0.989495534982
cb_rnn,7,4,c0_i1_o1,3,124,0.8084086281277479,0.6360516216485731,0.17235700647917487
cb_rnn,7,4,c1_i0_o0,4,143,1.0435703820907152,0.416357609150293,0.6272127729404223
cb_rnn,7,4,c1_i0_o1,5,151,0.390733796930471,-0.2292606278217786,0.6199944247522496
cb_rnn,7,4,c1_i1_o0,6,141,0.7979940167555573,0.2954652634918267,0.5025287532637305
cb_rnn,7,4,c1_i1_o1,7,132,0.3331252633396423,-0.3560785378019015,0.6892038011415438
cb_rnn,7,5,c0_i0_o0,0,155,0.7810828914565425,0.31136952013738695,0.4697133713191555
cb_rnn,7,5,c0_i0_o1,1,167,0.4470620998543893,-0.27728013196837403,0.7243422318227634
cb_rnn,7,5,c0_i1_o0,2,160,0.8485500771785155,-0.30354100149124863,1.152091078669764
cb_rnn,7,5,c0_i1_o1,3,215,0.6171531088130419,0.38514922940453816,0.2320038794085037
cb_rnn,7,5,c1_i0_o0,4,195,0.7070950074073595,0.26092723879294516,0.44616776861441443
cb_rnn,7,5,c1_i0_o1,5,153,0.6893408703648187,0.056459208037339004,0.6328816623274797
cb_rnn,7,5,c1_i1_o0,6,164,0.6597035369131623,0.07465670933583524,0.5850468275773271
cb_rnn,7,5,c1_i1_o1,7,154,0.655052602025015,-0.1502941797499533,0.8053467817749683
cb_rnn,7,6,c0_i0_o0,0,141,0.6908709034852102,0.3187221587232664,0.3721487447619438
cb_rnn,7,6,c0_i0_o1,1,167,0.8849692676595585,-0.18928321740941373,1.0742524850689723
cb_rnn,7,6,c0_i1_o0,2,141,0.8273112365962766,-0.4151561645434258,1.2424674011397023
cb_rnn,7,6,c0_i1_o1,3,135,0.9079995737031654,0.3713662395874659,0.5366333341156995
cb_rnn,7,6,c1_i0_o0,4,131,0.9019097942887372,0.12280584263210079,0.7791039516566364
cb_rnn,7,6,c1_i0_o1,5,158,0.6325928869692585,-0.1569953624017631,0.7895882493710216
cb_rnn,7,6,c1_i1_o0,6,135,1.0745455698834525,0.2551554040776359,0.8193901658058167
cb_rnn,7,6,c1_i1_o1,7,144,0.6467237905081775,-0.2149532003224724,0.86167699083065
cb_rnn,7,7,c0_i0_o0,0,129,0.4104751340987146,-0.1592645984171897,0.5697397325159044
cb_rnn,7,7,c0_i0_o1,1,146,0.7477722537435897,0.09871333485392675,0.6490589188896629
cb_rnn,7,7,c0_i1_o0,2,143,0.5832487037861264,-0.1518670554969694,0.7351157592830958
cb_rnn,7,7,c0_i1_o1,3,139,0.8319373009659403,0.16183681603815916,0.6701004849277812
cb_rnn,7,7,c1_i0_o0,4,147,1.0580383922372545,0.4523379112131336,0.605700481024121
cb_rnn,7,7,c1_i0_o1,5,156,0.24632431179858172,-0.3395545886686215,0.5858789004672033
cb_rnn,7,7,c1_i1_o0,6,172,1.0318206844981326,0.050260576939340246,0.9815601075587924
cb_rnn,7,7,c1_i1_o1,7,120,0.26384271793067454,-0.059180464347203574,0.32302318227787813
cb_rnn,7,8,c0_i0_o0,0,130,0.7798076564302812,0.17300571607282528,0.6068019403574558
cb_rnn,7,8,c0_i0_o1,1,131,0.47609524565343636,-0.16685481710743358,0.64295006276087
cb_rnn,7,8,c0_i1_o0,2,144,0.9415885243150923,0.020504214749154117,0.9210843095659382
cb_rnn,7,8,c0_i1_o1,3,148,0.5492227053823503,-0.017652580363524926,0.5668752857458752
cb_rnn,7,8,c1_i0_o0,4,161,0.6400880557687386,0.06232915649780576,0.5777588992709328
cb_rnn,7,8,c1_i0_o1,5,145,0.5996309800651567,-0.03965065129872026,0.639281631363877
cb_rnn,7,8,c1_i1_o0,6,148,0.6728631049595974,-0.05594208521919476,0.7288051901787922
cb_rnn,7,8,c1_i1_o1,7,145,0.7799682165014332,0.1358584822765712,0.6441097342248621
cb_rnn,7,9,c0_i0_o0,0,160,0.7736238061450422,0.31423423239029946,0.45938957375474276
cb_rnn,7,9,c0_i0_o1,1,168,0.8655818656441712,-0.2585542415756555,1.1241361072198266
cb_rnn,7,9,c0_i1_o0,2,137,0.8172130564594791,-0.36031363540104705,1.177526691860526
cb_rnn,7,9,c0_i1_o1,3,149,0.8411371135871683,0.39836635750612154,0.44277075608104666
cb_rnn,7,9,c1_i0_o0,4,146,0.9527687635527898,-0.07047551666220574,1.0232442802149955
cb_rnn,7,9,c1_i0_o1,5,130,0.688261994948754,0.09127246766136243,0.5969895272873915
cb_rnn,7,9,c1_i1_o0,6,133,0.9076811752485153,0.32075993338585795,0.5869212418626574
cb_rnn,7,9,c1_i1_o1,7,129,0.7631127933083579,-0.24200849704328894,1.0051212903516469
cb_rnn,7,10,c0_i0_o0,0,235,0.7183086073779045,0.37695300613946103,0.3413556012384435
cb_rnn,7,10,c0_i0_o1,1,202,0.5710509829591996,-0.37529811082352504,0.9463490937827247
cb_rnn,7,10,c0_i1_o0,2,223,0.6552138346761064,-0.48180091778660034,1.1370147524627068
cb_rnn,7,10,c0_i1_o1,3,191,0.5843925361389889,0.5031778012738802,0.0812147348651087
cb_rnn,7,10,c1_i0_o0,4,218,0.7540330243630147,-0.17872512248267822,0.9327581468456929
cb_rnn,7,10,c1_i0_o1,5,201,0.5112689641207012,0.21517749475454218,0.296091469366159
cb_rnn,7,10,c1_i1_o0,6,223,0.7867182478509142,0.4066058799223515,0.3801123679285627
cb_rnn,7,10,c1_i1_o1,7,177,0.535326293506528,-0.37663147044973183,0.9119577639562598
cb_rnn,7,11,c0_i0_o0,0,306,0.7412809184417616,0.5824833033131618,0.15879761512859975
cb_rnn,7,11,c0_i0_o1,1,301,0.5012141246707534,-0.5553828145429938,1.0565969392137473
cb_rnn,7,11,c0_i1_o0,2,304,0.7238877919551573,-0.22817741698389382,0.9520652089390511
cb_rnn,7,11,c0_i1_o1,3,289,0.5117809276989175,0.2477928346416117,0.26398809305730575
cb_rnn,7,11,c1_i0_o0,4,284,0.5157659191008604,-0.4494585738268117,0.9652244929276722
cb_rnn,7,11,c1_i0_o1,5,299,0.697906947990624,0.46373821348948624,0.2341687345011378
cb_rnn,7,11,c1_i1_o0,6,305,0.500842738652327,0.18568355631632882,0.3151591823359982
cb_rnn,7,11,c1_i1_o1,7,293,0.6546044866379618,-0.1928165020491076,0.8474209886870694
cb_rnn,7,12,c0_i0_o0,0,449,0.5375841508198421,0.30634239863579416,0.231241752184048
cb_rnn,7,12,c0_i0_o1,1,455,0.6014116867885485,-0.2751361109316349,0.8765477977201834
cb_rnn,7,12,c0_i1_o0,2,426,0.5392211855262378,-0.03189829770178303,0.5711194832280209
cb_rnn,7,12,c0_i1_o1,3,409,0.5618897815733638,0.04932330197183311,0.5125664796015307
cb_rnn,7,12,c1_i0_o0,4,435,0.591312072999861,-0.2334903883180399,0.8248024613179009
cb_rnn,7,12,c1_i0_o1,5,452,0.540272131282012,0.2293280436105169,0.3109440876714951
cb_rnn,7,12,c1_i1_o0,6,440,0.6192791984839873,0.09856737979518419,0.5207118186888031
cb_rnn,7,12,c1_i1_o1,7,409,0.5163409514739782,-0.049158520304340605,0.5654994717783187
cb_rnn,7,13,c0_i0_o0,0,506,0.6969109303925348,0.3703764073491803,0.3265345230433545
cb_rnn,7,13,c0_i0_o1,1,493,0.5556646795229302,-0.34514323040147826,0.9008079099244085
cb_rnn,7,13,c0_i1_o0,2,496,0.6431923271757701,-0.023027369895228935,0.666219697070999
cb_rnn,7,13,c0_i1_o1,3,509,0.5616020884342887,-0.01954339129195232,0.581145479726241
cb_rnn,7,13,c1_i0_o0,4,493,0.5911092278500357,-0.30454245152265497,0.8956516793726907
cb_rnn,7,13,c1_i0_o1,5,528,0.5867296763216004,0.30962516498667275,0.2771045113349277
cb_rnn,7,13,c1_i1_o0,6,467,0.5682602694270059,0.045923514032389416,0.5223367553946165
cb_rnn,7,13,c1_i1_o1,7,502,0.5713755603939057,0.01504259048200461,0.5563329699119012
cb_rnn,7,14,c0_i0_o0,0,523,0.6858803047504753,0.3791478246728218,0.30673248007765347
cb_rnn,7,14,c0_i0_o1,1,459,0.5627064727051975,-0.4100591799970676,0.972765652702265
cb_rnn,7,14,c0_i1_o0,2,500,0.7254571921974421,0.1274959767088294,0.5979612154886127
cb_rnn,7,14,c0_i1_o1,3,489,0.5601789762926858,-0.0918108091322069,0.6519897854248926
cb_rnn,7,14,c1_i0_o0,4,545,0.5189150910722007,-0.36197831040128653,0.8808934014734872
cb_rnn,7,14,c1_i0_o1,5,484,0.7121927742192076,0.4064784940209024,0.3057142801983051
cb_rnn,7,14,c1_i1_o0,6,501,0.5412477143034488,-0.059872030155982324,0.6011197444594311
cb_rnn,7,14,c1_i1_o1,7,493,0.6941594965000303,0.0754446374671817,0.6187148590328485
cb_rnn,7,15,c0_i0_o0,0,502,0.6282276873628931,0.3198126511744769,0.30841503618841626
cb_rnn,7,15,c0_i0_o1,1,561,0.5559269834887535,-0.345441891408381,0.9013688748971345
cb_rnn,7,15,c0_i1_o0,2,479,0.6147621912660081,0.26163104229795286,0.35313114896805525
cb_rnn,7,15,c0_i1_o1,3,493,0.5501621016253987,-0.22660010686601392,0.7767622084914126
cb_rnn,7,15,c1_i0_o0,4,529,0.4897910481589954,-0.2937633246535502,0.7835543728125456
cb_rnn,7,15,c1_i0_o1,5,531,0.6039885086570419,0.31480995067544354,0.2891785579815984
cb_rnn,7,15,c1_i1_o0,6,538,0.5492911618479898,-0.1798246362312354,0.7291157980792252
cb_rnn,7,15,c1_i1_o1,7,533,0.649509500048174,0.19925958162093252,0.45024991842724144
cb_rnn,8,2,c0_i0_o0,0,95,0.0434216003080732,-0.0028865156989348563,0.04630811600700805
cb_rnn,8,2,c0_i0_o1,1,98,0.3385186164963002,0.21807503897924813,0.12044357751705209
cb_rnn,8,2,c0_i1_o0,2,94,-0.012644680613215933,-0.10185638296001769,0.08921170234680176
cb_rnn,8,2,c0_i1_o1,3,95,0.49583656662388853,0.4893524072672191,0.006484159356669376
cb_rnn,8,2,c1_i0_o0,4,96,0.36428865262617666,0.28274826736499864,0.08154038526117802
cb_rnn,8,2,c1_i0_o1,5,83,-0.13086664003421025,-0.17369850015783883,0.04283186012362859
cb_rnn,8,2,c1_i1_o0,6,90,0.32607818129989835,0.3097090600265397,0.016369121273358662
cb_rnn,8,2,c1_i1_o1,7,98,0.05601715190070016,-0.020847359767221674,0.07686451166792184
cb_rnn,8,3,c0_i0_o0,0,130,0.17552707424530617,0.12965653229218263,0.04587054195312353
cb_rnn,8,3,c0_i0_o1,1,108,0.7877299771816643,0.25742247845563626,0.530307498726028
cb_rnn,8,3,c0_i1_o0,2,131,-0.23494695070135685,-0.5122733543847353,0.2773264036833785
cb_rnn,8,3,c0_i1_o1,3,113,0.6504649142775916,0.4470661346495679,0.20339877962802363
cb_rnn,8,3,c1_i0_o0,4,116,0.739039563413324,0.3088220093270828,0.43021755408624124
cb_rnn,8,3,c1_i0_o1,5,143,-0.23702360950149856,-0.31460577666342676,0.07758216716192819
cb_rnn,8,3,c1_i1_o0,6,113,0.9023108888516383,0.4842934982966533,0.4180173905549851
cb_rnn,8,3,c1_i1_o1,7,106,0.10115475165394117,-0.18834884745894737,0.28950359911288853
cb_rnn,8,4,c0_i0_o0,0,124,0.41276769087679926,0.5803989333010489,-0.16763124242424965
cb_rnn,8,4,c0_i0_o1,1,152,1.101907699319877,-0.40051985483028385,1.502427554150161
cb_rnn,8,4,c0_i1_o0,2,147,0.24743178273950303,-0.7108270446864926,0.9582588274259957
cb_rnn,8,4,c0_i1_o1,3,124,0.9278753467144505,0.6703498180835478,0.25752552863090267
cb_rnn,8,4,c1_i0_o0,4,143,1.142235356194156,-0.27361245661765543,1.4158478128118115
cb_rnn,8,4,c1_i0_o1,5,151,0.2636980414390564,0.28383802035391725,-0.020139978914860857
cb_rnn,8,4,c1_i1_o0,6,141,1.1388996960000788,0.5411595162136335,0.5977401797864454
cb_rnn,8,4,c1_i1_o1,7,132,0.3091051604485873,-0.3902921113326694,0.6993972717812567
cb_rnn,8,5,c0_i0_o0,0,155,0.7060669148160565,0.6184040823290425,0.08766283248701404
cb_rnn,8,5,c0_i0_o1,1,167,0.6689888130048078,-0.5836091352080157,1.2525979482128236
cb_rnn,8,5,c0_i1_o0,2,160,0.6279178552329541,-0.46104170717298987,1.0889595624059438
cb_rnn,8,5,c0_i1_o1,3,215,0.78205215861631,0.5251324829667113,0.2569196756495986
cb_rnn,8,5,c1_i0_o0,4,195,1.0026849273687755,-0.3533937331957695,1.356078660564545
cb_rnn,8,5,c1_i0_o1,5,153,0.4969157488907085,0.40376301976590373,0.09315272912480473
cb_rnn,8,5,c1_i1_o0,6,164,0.8668962389957614,0.3368310415890159,0.5300651974067455
cb_rnn,8,5,c1_i1_o1,7,154,0.4727805850470995,-0.282029632430572,0.7548102174776715
cb_rnn,8,6,c0_i0_o0,0,141,0.6113994840717485,1.0829547723979815,-0.471555288326233
cb_rnn,8,6,c0_i0_o1,1,167,1.191659884003108,-0.9619515188439878,2.153611402847096
cb_rnn,8,6,c0_i1_o0,2,141,0.6425793791282262,-1.204145334713848,1.8467247138420742
cb_rnn,8,6,c0_i1_o1,3,135,1.180914326950356,1.0898188683721755,0.09109545857818038
cb_rnn,8,6,c1_i0_o0,4,131,1.291107057615091,-0.8191386691031565,2.1102457267182473
cb_rnn,8,6,c1_i0_o1,5,158,0.5494524862947343,0.7814595273023919,-0.2320070410076576
cb_rnn,8,6,c1_i1_o0,6,135,1.3484845212212315,1.0454834353040765,0.30300108591715497
cb_rnn,8,6,c1_i1_o1,7,144,0.49960521432674593,-0.8346722993171878,1.3342775136439338
cb_rnn,8,7,c0_i0_o0,0,129,0.23032474367655525,0.6241160053615422,-0.39379126168498696
cb_rnn,8,7,c0_i0_o1,1,146,1.0580333991818232,-0.5899316484797491,1.6479650476615724
cb_rnn,8,7,c0_i1_o0,2,143,0.31974627607716966,-0.9490038244040696,1.2687501004812392
cb_rnn,8,7,c0_i1_o1,3,139,1.1308325890371267,0.9273013206694624,0.20353126836766441
cb_rnn,8,7,c1_i0_o0,4,147,1.3256770781919258,-0.4471979034798486,1.7728749816717744
cb_rnn,8,7,c1_i0_o1,5,156,0.23122409692941567,0.4471561078650829,-0.21593201093566725
cb_rnn,8,7,c1_i1_o0,6,172,1.1526861985235712,0.7947479815677155,0.3579382169558558
cb_rnn,8,7,c1_i1_o1,7,120,0.17594297093649705,-0.8099742352962493,0.9859172062327465
cb_rnn,8,8,c0_i0_o0,0,130,0.6399599359585688,0.6702345084685546,-0.030274572509985703
cb_rnn,8,8,c0_i0_o1,1,131,0.6971344612254441,-0.6190171683107624,1.3161516295362066
cb_rnn,8,8,c0_i1_o0,2,144,0.7593915944194628,-0.5441066172594825,1.3034982116789453
cb_rnn,8,8,c0_i1_o1,3,148,0.7095838045147626,0.5600284096356984,0.14955539487906405
cb_rnn,8,8,c1_i0_o0,4,161,0.7618204097940314,-0.5044978584932245,1.2663182682872558
cb_rnn,8,8,c1_i0_o1,5,145,0.6271296105508146,0.4756461515508849,0.15148345899992977
cb_rnn,8,8,c1_i1_o0,6,148,0.738542319653002,0.43885100220103523,0.29969131745196675
cb_rnn,8,8,c1_i1_o1,7,145,0.6233808710657317,-0.4515729142674084,1.0749537853331401
cb_rnn,8,9,c0_i0_o0,0,160,0.433791808784008,0.5217365995049477,-0.08794479072093964
cb_rnn,8,9,c0_i0_o1,1,168,0.8666985372879675,-0.5115073314380079,1.3782058687259753
cb_rnn,8,9,c0_i1_o0,2,137,0.5991779631615555,-0.8055174185411773,1.4046953817027328
cb_rnn,8,9,c0_i1_o1,3,149,0.8788464297384224,0.7474858883843326,0.13136054135408978
cb_rnn,8,9,c1_i0_o0,4,146,1.0033845235019514,-0.4161393141297445,1.4195238376316959
cb_rnn,8,9,c1_i0_o1,5,130,0.47983502378830545,0.4104181609474696,0.06941686284083587
cb_rnn,8,9,c1_i1_o0,6,133,0.9338468721038417,0.7056988766767028,0.22814799542713882
cb_rnn,8,9,c1_i1_o1,7,129,0.4520533555006796,-0.7333755257517792,1.185428881252459
cb_rnn,8,10,c0_i0_o0,0,235,0.4709639640564614,0.37308860015361867,0.09787536390284274
cb_rnn,8,10,c0_i0_o1,1,202,0.676010835362543,-0.3192010939047478,0.9952119292672907
cb_rnn,8,10,c0_i1_o0,2,223,0.5006136308536936,-0.6242869503027655,1.1249005811564592
cb_rnn,8,10,c0_i1_o1,3,191,0.7600910652292336,0.5806678418869747,0.17942322334225888
cb_rnn,8,10,c1_i0_o0,4,218,0.7711783154705248,-0.2245723744256234,0.9957506898961482
cb_rnn,8,10,c1_i0_o1,5,201,0.42732915245181885,0.2389109988340098,0.18841815361780906
cb_rnn,8,10,c1_i1_o0,6,223,0.8050453826250517,0.5423366558391417,0.26270872678590995
cb_rnn,8,10,c1_i1_o1,7,177,0.4406981462307569,-0.48727008498321145,0.9279682312139683
cb_rnn,8,11,c0_i0_o0,0,306,0.5834228051400262,0.49696996649788094,0.0864528386421453
cb_rnn,8,11,c0_i0_o1,1,301,0.5634906397408426,-0.3666115276936281,0.9301021674344706
cb_rnn,8,11,c0_i1_o0,2,304,0.6389177241607716,-0.44663075617465536,1.085548480335427
cb_rnn,8,11,c0_i1_o1,3,289,0.5719662710740698,0.47876958791359897,0.09319668316047085
cb_rnn,8,11,c1_i0_o0,4,284,0.5599511129597963,-0.4010731865927367,0.961024299552533
cb_rnn,8,11,c1_i0_o1,5,299,0.6174439298717872,0.3926099430657549,0.22483398680603225
cb_rnn,8,11,c1_i1_o0,6,305,0.5564429557225743,0.36067175581807,0.19577119990450437
cb_rnn,8,11,c1_i1_o1,7,293,0.5935035892746351,-0.32609536999728495,0.91959895927192
cb_rnn,8,12,c0_i0_o0,0,449,0.40907811839755764,0.3260423918742114,0.08303572652334626
cb_rnn,8,12,c0_i0_o1,1,455,0.6391708766693597,-0.23693540952690356,0.8761062861962633
cb_rnn,8,12,c0_i1_o0,2,426,0.47836829466579106,-0.4729161151977772,0.9512844098635682
cb_rnn,8,12,c0_i1_o1,3,409,0.6406354039160576,0.40901199801116817,0.2316234059048894
cb_rnn,8,12,c1_i0_o0,4,435,0.6863858586070182,-0.22411416906049883,0.9105000276675169
cb_rnn,8,12,c1_i0_o1,5,452,0.3879504563550638,0.18917039788402287,0.1987800584710409
cb_rnn,8,12,c1_i1_o0,6,440,0.7728217347440395,0.44941598304801367,0.32340575169602576
cb_rnn,8,12,c1_i1_o1,7,409,0.3583095017866138,-0.3438197823929029,0.7021292841795167
cb_rnn,8,13,c0_i0_o0,0,506,0.4094823177447432,0.37670163286062097,0.03278068488412224
cb_rnn,8,13,c0_i0_o1,1,493,0.601640369992469,-0.27758113970379317,0.8792215096962621
cb_rnn,8,13,c0_i1_o0,2,496,0.4326638529647983,-0.6012399817080868,1.033903834672885
cb_rnn,8,13,c0_i1_o1,3,509,0.6699807999439699,0.5095820901787351,0.16039870976523474
cb_rnn,8,13,c1_i0_o0,4,493,0.664116630538482,-0.24369498546297602,0.907811616001458
cb_rnn,8,13,c1_i0_o1,5,528,0.37353397684284684,0.239607191778663,0.13392678506418385
cb_rnn,8,13,c1_i1_o0,6,467,0.7346664433720536,0.5255393085630343,0.20912713480901923
cb_rnn,8,13,c1_i1_o1,7,502,0.424421905424906,-0.4051495245119846,0.8295714299368906
cb_rnn,8,14,c0_i0_o0,0,523,0.45857288060179174,0.436717250108377,0.02185563049341479
cb_rnn,8,14,c0_i0_o1,1,459,0.5876522414175254,-0.39224541534655494,0.9798976567640804
cb_rnn,8,14,c0_i1_o0,2,500,0.5574252492934465,-0.5840909448023885,1.1415161940958352
cb_rnn,8,14,c0_i1_o1,3,489,0.6626921585762915,0.5828247886219639,0.07986736995432762
cb_rnn,8,14,c1_i0_o0,4,545,0.6937853634357453,-0.3764011343548057,1.0701864977905509
cb_rnn,8,14,c1_i0_o1,5,484,0.41547042560909897,0.3410743529916056,0.07439607261749338
cb_rnn,8,14,c1_i1_o0,6,501,0.7495561121496374,0.5467305101320415,0.20282560201759586
cb_rnn,8,14,c1_i1_o1,7,493,0.4921034133745618,-0.49737609463458615,0.989479508009148
cb_rnn,8,15,c0_i0_o0,0,502,0.5153119353748176,0.3635428559287373,0.1517690794460802
cb_rnn,8,15,c0_i0_o1,1,561,0.7293454896851231,-0.28153055600835253,1.0108760456934758
cb_rnn,8,15,c0_i1_o0,2,479,0.595724922879006,-0.5898987064468587,1.1856236293258646
cb_rnn,8,15,c0_i1_o1,3,493,0.7926512168716586,0.557750654518302,0.2349005623533566
cb_rnn,8,15,c1_i0_o0,4,529,0.7597061646204364,-0.2618759878979739,1.0215821525184103
cb_rnn,8,15,c1_i0_o1,5,531,0.4448725498665524,0.19655285173721906,0.24831969812933335
cb_rnn,8,15,c1_i1_o0,6,538,0.829082308371714,0.5896009588302511,0.23948134954146294
cb_rnn,8,15,c1_i1_o1,7,533,0.541282021166236,-0.5093683300585281,1.0506503512247642
