arch,seed,N,within_actual_rms_per_unit,within_local_predicted_rms_per_unit,between_condition_rms_per_unit,ratio_between_over_within_actual,ratio_between_over_within_predicted,n_groups_used
cb_rnn,1,2,0.005497287958860397,0.0055276681669056416,0.017177696574973568,3.124758372405609,3.107584619101611,8
cb_rnn,1,3,0.2489827573299408,0.21787923574447632,0.12173780550436121,0.4889407074203123,0.5587398224910816,8
cb_rnn,1,4,0.4058530628681183,0.44245943427085876,0.18192846810066593,0.44826190743762717,0.41117547510422264,8
cb_rnn,1,5,0.38138172030448914,0.5684844255447388,0.20926579573932005,0.548704315383143,0.36811174824850357,8
cb_rnn,1,6,0.3062680661678314,0.529492199420929,0.20367271598756423,0.6650145362394847,0.3846566884466056,8
cb_rnn,1,7,0.27886390686035156,0.5347672700881958,0.19028931359045342,0.6823734047653065,0.35583575180109694,8
cb_rnn,1,8,0.23540961742401123,0.506963849067688,0.2024666405650485,0.8600610407533732,0.3993709629145882,8
cb_rnn,1,9,0.25548234581947327,0.5309178233146667,0.22167849435359144,0.8676861551530922,0.41753824154855324,8
cb_rnn,1,10,0.25406402349472046,0.5518494248390198,0.24582578814506367,0.9675741758461603,0.44545808526804864,8
cb_rnn,1,11,0.2895568609237671,0.6101694107055664,0.3008559493407487,1.039022002037646,0.49306953784008184,8
cb_rnn,1,12,0.29465556144714355,0.6104101538658142,0.35269819773272215,1.1969846963027388,0.5778052601173725,8
cb_rnn,1,13,0.333425909280777,0.6296126246452332,0.4259443408195624,1.2774782311859152,0.6765181067637718,8
cb_rnn,1,14,0.36120718717575073,0.652309775352478,0.5073400500473669,1.4045679821994048,0.7777593855208192,8
cb_rnn,1,15,0.41104769706726074,0.6442428827285767,0.6251548575243021,1.5208815472867288,0.9703713836566876,8
cb_rnn,2,2,0.0085880933329463,0.008706451393663883,0.06359416265025744,7.404922161976588,7.304257472400072,8
cb_rnn,2,3,0.31004536151885986,0.25272446870803833,0.11828741618150138,0.3815164839171639,0.46804892611389254,8
cb_rnn,2,4,0.5596373081207275,0.5451269745826721,0.1844593198770831,0.32960511602863096,0.33837863191102946,8
cb_rnn,2,5,0.5920677781105042,0.6575798988342285,0.23269830821876797,0.3930264689650733,0.35387077468654443,8
cb_rnn,2,6,0.5392000675201416,0.6688864827156067,0.2551856890513012,0.47326716820518355,0.3815082164843202,8
cb_rnn,2,7,0.411413311958313,0.6105531454086304,0.22592451440789155,0.5491424507692733,0.3700325124960007,8
cb_rnn,2,8,0.34089818596839905,0.5938541889190674,0.23011345065930341,0.6750210477231308,0.38749150035997154,8
cb_rnn,2,9,0.35725289583206177,0.66812664270401,0.22658798469066102,0.6342509391363367,0.3391392742154766,8
cb_rnn,2,10,0.3262941837310791,0.6274186372756958,0.2011776154819434,0.6165528701171926,0.3206433528265489,8
cb_rnn,2,11,0.37456265091896057,0.6763546466827393,0.21887894644629735,0.584358707173005,0.3236156467909474,8
cb_rnn,2,12,0.4115547239780426,0.6810411214828491,0.26018659282987094,0.6322041217628023,0.38204241215766777,8
cb_rnn,2,13,0.44734281301498413,0.6975587010383606,0.33681882534999913,0.7529322379852721,0.48285373667997095,8
cb_rnn,2,14,0.4506187438964844,0.6609996557235718,0.3657181335902974,0.8115910368662111,0.5532803692461221,8
cb_rnn,2,15,0.5031979084014893,0.7275601029396057,0.4465831563882441,0.8874900887543562,0.6138092984811657,8
cb_rnn,3,2,0.0065361554734408855,0.006535028573125601,0.05008459906306291,7.662700079056784,7.664021435044504,8
cb_rnn,3,3,0.29895591735839844,0.2596280574798584,0.14638944092726788,0.48966898605245296,0.5638429157011452,8
cb_rnn,3,4,0.3795492947101593,0.3798287510871887,0.20182670569195835,0.5317536048804469,0.5313623708428263,8
cb_rnn,3,5,0.3847939074039459,0.4873935580253601,0.2447023947580455,0.6359310530900993,0.5020632520245849,8
cb_rnn,3,6,0.3308379650115967,0.4838868975639343,0.2132078222538027,0.6444478711695897,0.4406149935597962,8
cb_rnn,3,7,0.31642934679985046,0.534906268119812,0.24286256812776627,0.7675096212911724,0.45402827112388267,8
cb_rnn,3,8,0.28049516677856445,0.5410600304603577,0.2774181669090005,0.9890301144761148,0.5127308455458462,8
cb_rnn,3,9,0.2631848454475403,0.5343509912490845,0.27444827046432296,1.0427966321450974,0.5136104825459014,8
cb_rnn,3,10,0.235040545463562,0.5130027532577515,0.25997411635746026,1.1060819989364927,0.506769436823743,8
cb_rnn,3,11,0.289655476808548,0.5650232434272766,0.3019193938884352,1.0423396692339888,0.5343486261858444,8
cb_rnn,3,12,0.35434460639953613,0.622355580329895,0.37568883413770615,1.0602357912401907,0.6036562473474777,8
cb_rnn,3,13,0.4298803508281708,0.6817208528518677,0.4336199365904685,1.0086991316423124,0.636066704981211,8
cb_rnn,3,14,0.48852062225341797,0.7021320462226868,0.5132468898658522,1.0506145830617721,0.730983427728453,8
cb_rnn,3,15,0.5530908703804016,0.7811116576194763,0.6192704073747005,1.1196540035976048,0.7928065102267136,8
cb_rnn,4,2,0.0036822063848376274,0.003753630444407463,0.02766417194582887,7.512933566065924,7.369977507254541,8
cb_rnn,4,3,0.23485448956489563,0.19693073630332947,0.12639529845630346,0.5381855747806668,0.6418261609585345,8
cb_rnn,4,4,0.41569703817367554,0.40408405661582947,0.1822648959711426,0.4384560851621788,0.45105688528668025,8
cb_rnn,4,5,0.3943778872489929,0.517388641834259,0.21962884213458084,0.556899484569521,0.42449490455752414,8
cb_rnn,4,6,0.3087402880191803,0.5106949210166931,0.18586344566553606,0.602005805131559,0.36394222463681153,8
cb_rnn,4,7,0.2656300961971283,0.4914776682853699,0.1613372372970251,0.6073755933789,0.328269721511226,8
cb_rnn,4,8,0.23996923863887787,0.49091920256614685,0.19029823069641982,0.793010936634231,0.3876365595431743,8
cb_rnn,4,9,0.2586211562156677,0.5516823530197144,0.20491249116797386,0.7923268697982873,0.37143202070241194,8
cb_rnn,4,10,0.2652316391468048,0.5714641809463501,0.21211541625634936,0.7997364754019568,0.37117884782399524,8
cb_rnn,4,11,0.3115297257900238,0.593155562877655,0.2510335241609124,0.8058092161969582,0.4232170106321516,8
cb_rnn,4,12,0.3181239664554596,0.5694237351417542,0.27208407463763334,0.8552768836287212,0.4778235571263988,8
cb_rnn,4,13,0.3321036100387573,0.6276851296424866,0.3187744617425603,0.9598644883907119,0.5078572785755273,8
cb_rnn,4,14,0.4018600285053253,0.70094895362854,0.3942746753916965,0.9811243901468835,0.5624870018718052,8
cb_rnn,4,15,0.46537554264068604,0.7584896087646484,0.47734118771528705,1.0257118047216323,0.6293312158787941,8
cb_rnn,5,2,0.004599530249834061,0.004764484707266092,0.05850694902730057,12.720200944305422,12.279806237613558,8
cb_rnn,5,3,0.38905400037765503,0.3382638692855835,0.19952565283157694,0.5128482232232472,0.5898520975739354,8
cb_rnn,5,4,0.526082456111908,0.6008711457252502,0.2572199630180364,0.4889346908069497,0.42807840723916346,8
cb_rnn,5,5,0.4944106638431549,0.7301032543182373,0.2843499083505586,0.5751289952774254,0.38946533475745365,8
cb_rnn,5,6,0.3696087598800659,0.6590384840965271,0.24237248831377622,0.6557541774508361,0.36776682115315856,8
cb_rnn,5,7,0.3588632047176361,0.6882033348083496,0.2494740765688777,0.695178756944923,0.3625005342910044,8
cb_rnn,5,8,0.2823675572872162,0.5785243511199951,0.23162378600544037,0.8202917793769038,0.40036998538960017,8
cb_rnn,5,9,0.2786026895046234,0.5763238072395325,0.2315052051551198,0.8309510779194326,0.4016929410984775,8
cb_rnn,5,10,0.2517939507961273,0.5348628759384155,0.21777465204148252,0.8648923111652131,0.40715978213929593,8
cb_rnn,5,11,0.2577091157436371,0.5254502296447754,0.2221741895538328,0.8621122652675058,0.422826324967126,8
cb_rnn,5,12,0.3044649362564087,0.6045018434524536,0.25400271417264003,0.8342593314546036,0.420185177140189,8
cb_rnn,5,13,0.3476531505584717,0.6507696509361267,0.2904936570584675,0.8355847101969798,0.4463847640107292,8
cb_rnn,5,14,0.4062162935733795,0.7231926321983337,0.3517741731675845,0.8659775068920014,0.4864183586858105,8
cb_rnn,5,15,0.5351758599281311,0.8692043423652649,0.44069726094424133,0.82346251754222,0.5070122633591809,8
cb_rnn,6,2,0.002791611012071371,0.00288403476588428,0.020883304361993607,7.480735772889156,7.241002989639943,8
cb_rnn,6,3,0.21494068205356598,0.21801581978797913,0.1281784638066093,0.596343431043294,0.5879319396696219,8
cb_rnn,6,4,0.49514147639274597,0.5236762166023254,0.22696969009587084,0.4583936125678928,0.43341607447532676,8
cb_rnn,6,5,0.5398162603378296,0.5621416568756104,0.22056707053936137,0.40859656654530074,0.39236919705484136,8
cb_rnn,6,6,0.4540294408798218,0.5037828087806702,0.1866319650211372,0.4110569672739291,0.3704611625649783,8
cb_rnn,6,7,0.4059114456176758,0.5758856534957886,0.2256885311786649,0.556004354189211,0.391898165562333,8
cb_rnn,6,8,0.3266923725605011,0.5842315554618835,0.22538837021835353,0.689910108558207,0.3857860262959698,8
cb_rnn,6,9,0.3169562816619873,0.6091814637184143,0.23730055095065702,0.7486854329131808,0.38954000586653753,8
cb_rnn,6,10,0.263297438621521,0.5172036290168762,0.21645555175619285,0.8220951669314893,0.4185112779808627,8
cb_rnn,6,11,0.2470012605190277,0.4750446081161499,0.22270582717940157,0.9016384236721151,0.46881034617479395,8
cb_rnn,6,12,0.2438158094882965,0.49492982029914856,0.26692082777679277,1.0947642334473202,0.5393104574209305,8
cb_rnn,6,13,0.24359914660453796,0.46351584792137146,0.2896963464441703,1.1892338314077395,0.6249977163527599,8
cb_rnn,6,14,0.2453460842370987,0.49638187885284424,0.3111789915749329,1.268326708952951,0.6268943425051663,8
cb_rnn,6,15,0.25583547353744507,0.5148025751113892,0.329436134947813,1.2876874750506224,0.6399271310492805,8
cb_rnn,7,2,0.003959052264690399,0.004009700380265713,0.045814831150555964,11.572171339884727,11.42599865467253,8
cb_rnn,7,3,0.24562767148017883,0.2957898676395416,0.16783735769567965,0.6832998769408741,0.5674209161897704,8
cb_rnn,7,4,0.48825201392173767,0.6175433397293091,0.26223068556832235,0.5370806020072157,0.42463527447849614,8
cb_rnn,7,5,0.4935576021671295,0.6189897060394287,0.23243612357950363,0.470940215607895,0.3755088676138627,8
cb_rnn,7,6,0.43031632900238037,0.6042808294296265,0.23096649118288473,0.5367365252402659,0.38221714132631224,8
cb_rnn,7,7,0.33516925573349,0.5296849608421326,0.1977753239089055,0.5900759706497861,0.3733829323650564,8
cb_rnn,7,8,0.2780665159225464,0.5439091324806213,0.19881113275791143,0.714976889965741,0.3655226965048151,8
cb_rnn,7,9,0.27504852414131165,0.6088768243789673,0.23529362262119785,0.8554622256409966,0.38643878893106004,8
cb_rnn,7,10,0.24754667282104492,0.6054096221923828,0.21245523430024849,0.8582431421077328,0.3509280766481375,8
cb_rnn,7,11,0.2761511206626892,0.5897386074066162,0.21948277830916033,0.7947922781644342,0.37216959438070185,8
cb_rnn,7,12,0.2692826986312866,0.5369617342948914,0.24445443394116362,0.9077985150315249,0.45525485025886947,8
cb_rnn,7,13,0.2797745168209076,0.5661845803260803,0.3066479384406652,1.0960538576748222,0.5416041854478953,8
cb_rnn,7,14,0.2792600989341736,0.5878317356109619,0.37038872654558475,1.3263216906361255,0.6300931101663333,8
cb_rnn,7,15,0.26673662662506104,0.5566281676292419,0.39936817157382115,1.4972378432872437,0.7174774738310256,8
cb_rnn,8,2,0.005308907013386488,0.005457706283777952,0.03515764571439334,6.622388681086862,6.441835431652506,8
cb_rnn,8,3,0.23823824524879456,0.20204801857471466,0.10317024607472312,0.4330549277131445,0.5106224094772409,8
cb_rnn,8,4,0.47114062309265137,0.48943260312080383,0.2364244973905323,0.5018130167562279,0.48305833302277373,8
cb_rnn,8,5,0.45556795597076416,0.5827617049217224,0.25029954250482866,0.5494230646039808,0.4295058175424367,8
cb_rnn,8,6,0.4789033830165863,0.7064695358276367,0.3304643346613282,0.6900438509741805,0.46776869759031525,8
cb_rnn,8,7,0.39229458570480347,0.6582857966423035,0.2900818045105647,0.7394489118155901,0.4406624083189632,8
cb_rnn,8,8,0.33003801107406616,0.6255572438240051,0.30195481619416814,0.914909210643632,0.4826973377341633,8
cb_rnn,8,9,0.3375520408153534,0.657241940498352,0.3079816324528863,0.9123974830931548,0.4685970469555853,8
cb_rnn,8,10,0.319847971200943,0.6067174673080444,0.28762713606669965,0.8992620306039061,0.47407096641353946,8
cb_rnn,8,11,0.31238624453544617,0.5705945491790771,0.3073103691595099,0.9837512839802384,0.5385792233761116,8
cb_rnn,8,12,0.2849859297275543,0.5401360988616943,0.3305662259392972,1.1599387599777908,0.6120054309199967,8
cb_rnn,8,13,0.26361313462257385,0.5198759436607361,0.37781434184115303,1.4332151635087755,0.7267394201407971,8
cb_rnn,8,14,0.28214287757873535,0.5635955929756165,0.47125553623660993,1.6702726656819484,0.8361590156312639,8
cb_rnn,8,15,0.30779194831848145,0.6183602213859558,0.5896052705797052,1.9155967977746553,0.9534980585558998,8
